<?xml version="1.0" encoding="UTF-8"?>
<root>
<header>
<header>id</header>
<header>nat01a_p</header>
<header>nat01b_p</header>
<header>nat01c_p</header>
<header>life01a_p</header>
<header>life01b_p</header>
<header>hea01a_p</header>
<header>hea01b_p</header>
<header>hea01c_p</header>
<header>hea01d_p</header>
<header>cri01a_p</header>
<header>cri01b_p</header>
<header>cri01c_p</header>
<header>env01a_p</header>
<header>env01b_p</header>
<header>env01c_p</header>
<header>sec01_p</header>
<header>nat01a_l</header>
<header>nat01b_l</header>
<header>nat01c_l</header>
<header>life01a_l</header>
<header>life01b_l</header>
<header>hea01a_l</header>
<header>hea01b_l</header>
<header>hea01c_l</header>
<header>hea01d_l</header>
<header>cri01a_l</header>
<header>cri01b_l</header>
<header>cri01c_l</header>
<header>env01a_l</header>
<header>env01b_l</header>
<header>env01c_l</header>
<header>sec01_l</header>
</header>
<Row>
<id>1.0</id>
<nat01a_p>20.0</nat01a_p>
<nat01b_p>75.0</nat01b_p>
<nat01c_p>50.0</nat01c_p>
<life01a_p>80.0</life01a_p>
<life01b_p>85.0</life01b_p>
<hea01a_p>75.0</hea01a_p>
<hea01b_p>50.0</hea01b_p>
<hea01c_p>75.0</hea01c_p>
<hea01d_p>70.0</hea01d_p>
<cri01a_p>50.0</cri01a_p>
<cri01b_p>70.0</cri01b_p>
<cri01c_p>90.0</cri01c_p>
<env01a_p>90.0</env01a_p>
<env01b_p>90.0</env01b_p>
<env01c_p>70.0</env01c_p>
<sec01_p>80.0</sec01_p>
<nat01a_l>50.0</nat01a_l>
<nat01b_l>10.0</nat01b_l>
<nat01c_l>25.0</nat01c_l>
<life01a_l>80.0</life01a_l>
<life01b_l>30.0</life01b_l>
<hea01a_l>75.0</hea01a_l>
<hea01b_l>60.0</hea01b_l>
<hea01c_l>75.0</hea01c_l>
<hea01d_l>70.0</hea01d_l>
<cri01a_l>70.0</cri01a_l>
<cri01b_l>50.0</cri01b_l>
<cri01c_l>75.0</cri01c_l>
<env01a_l>20.0</env01a_l>
<env01b_l>20.0</env01b_l>
<env01c_l>20.0</env01c_l>
<sec01_l>50.0</sec01_l>
</Row>
<Row>
<id>2.0</id>
<nat01a_p>70.0</nat01a_p>
<nat01b_p>50.0</nat01b_p>
<nat01c_p>80.0</nat01c_p>
<life01a_p>90.0</life01a_p>
<life01b_p>80.0</life01b_p>
<hea01a_p>80.0</hea01a_p>
<hea01b_p>70.0</hea01b_p>
<hea01c_p>50.0</hea01c_p>
<hea01d_p>30.0</hea01d_p>
<cri01a_p>50.0</cri01a_p>
<cri01b_p>70.0</cri01b_p>
<cri01c_p>90.0</cri01c_p>
<env01a_p>80.0</env01a_p>
<env01b_p>60.0</env01b_p>
<env01c_p>70.0</env01c_p>
<sec01_p>50.0</sec01_p>
<nat01a_l>70.0</nat01a_l>
<nat01b_l>50.0</nat01b_l>
<nat01c_l>60.0</nat01c_l>
<life01a_l>40.0</life01a_l>
<life01b_l>30.0</life01b_l>
<hea01a_l>45.0</hea01a_l>
<hea01b_l>70.0</hea01b_l>
<hea01c_l>40.0</hea01c_l>
<hea01d_l>70.0</hea01d_l>
<cri01a_l>50.0</cri01a_l>
<cri01b_l>60.0</cri01b_l>
<cri01c_l>30.0</cri01c_l>
<env01a_l>30.0</env01a_l>
<env01b_l>40.0</env01b_l>
<env01c_l>50.0</env01c_l>
<sec01_l>75.0</sec01_l>
</Row>
<Row>
<id>3.0</id>
<nat01a_p>50.0</nat01a_p>
<nat01b_p>25.0</nat01b_p>
<nat01c_p>50.0</nat01c_p>
<life01a_p>50.0</life01a_p>
<life01b_p>75.0</life01b_p>
<hea01a_p>75.0</hea01a_p>
<hea01b_p>50.0</hea01b_p>
<hea01c_p>50.0</hea01c_p>
<hea01d_p>50.0</hea01d_p>
<cri01a_p>50.0</cri01a_p>
<cri01b_p>50.0</cri01b_p>
<cri01c_p>75.0</cri01c_p>
<env01a_p>100.0</env01a_p>
<env01b_p>75.0</env01b_p>
<env01c_p>75.0</env01c_p>
<sec01_p>50.0</sec01_p>
<nat01a_l>50.0</nat01a_l>
<nat01b_l>10.0</nat01b_l>
<nat01c_l>50.0</nat01c_l>
<life01a_l>50.0</life01a_l>
<life01b_l>50.0</life01b_l>
<hea01a_l>70.0</hea01a_l>
<hea01b_l>50.0</hea01b_l>
<hea01c_l>50.0</hea01c_l>
<hea01d_l>50.0</hea01d_l>
<cri01a_l>50.0</cri01a_l>
<cri01b_l>50.0</cri01b_l>
<cri01c_l>50.0</cri01c_l>
<env01a_l>10.0</env01a_l>
<env01b_l>25.0</env01b_l>
<env01c_l>10.0</env01c_l>
<sec01_l>50.0</sec01_l>
</Row>
<Row>
<id>4.0</id>
<nat01a_p/>
<nat01b_p/>
<nat01c_p/>
<life01a_p/>
<life01b_p/>
<hea01a_p/>
<hea01b_p/>
<hea01c_p/>
<hea01d_p/>
<cri01a_p/>
<cri01b_p/>
<cri01c_p/>
<env01a_p/>
<env01b_p/>
<env01c_p/>
<sec01_p/>
<nat01a_l/>
<nat01b_l/>
<nat01c_l/>
<life01a_l/>
<life01b_l/>
<hea01a_l/>
<hea01b_l/>
<hea01c_l/>
<hea01d_l/>
<cri01a_l/>
<cri01b_l/>
<cri01c_l/>
<env01a_l/>
<env01b_l/>
<env01c_l/>
<sec01_l/>
</Row>
<Row>
<id>5.0</id>
<nat01a_p>75.0</nat01a_p>
<nat01b_p>50.0</nat01b_p>
<nat01c_p>75.0</nat01c_p>
<life01a_p>50.0</life01a_p>
<life01b_p>50.0</life01b_p>
<hea01a_p>75.0</hea01a_p>
<hea01b_p>50.0</hea01b_p>
<hea01c_p>50.0</hea01c_p>
<hea01d_p>50.0</hea01d_p>
<cri01a_p>50.0</cri01a_p>
<cri01b_p>50.0</cri01b_p>
<cri01c_p>75.0</cri01c_p>
<env01a_p>50.0</env01a_p>
<env01b_p>50.0</env01b_p>
<env01c_p>50.0</env01c_p>
<sec01_p>50.0</sec01_p>
<nat01a_l>25.0</nat01a_l>
<nat01b_l>25.0</nat01b_l>
<nat01c_l>50.0</nat01c_l>
<life01a_l>50.0</life01a_l>
<life01b_l>25.0</life01b_l>
<hea01a_l>25.0</hea01a_l>
<hea01b_l>50.0</hea01b_l>
<hea01c_l>25.0</hea01c_l>
<hea01d_l>50.0</hea01d_l>
<cri01a_l>50.0</cri01a_l>
<cri01b_l>50.0</cri01b_l>
<cri01c_l>50.0</cri01c_l>
<env01a_l>25.0</env01a_l>
<env01b_l>50.0</env01b_l>
<env01c_l>50.0</env01c_l>
<sec01_l>50.0</sec01_l>
</Row>
<Row>
<id>6.0</id>
<nat01a_p>50.0</nat01a_p>
<nat01b_p>25.0</nat01b_p>
<nat01c_p>20.0</nat01c_p>
<life01a_p>70.0</life01a_p>
<life01b_p>60.0</life01b_p>
<hea01a_p>75.0</hea01a_p>
<hea01b_p>50.0</hea01b_p>
<hea01c_p>50.0</hea01c_p>
<hea01d_p>25.0</hea01d_p>
<cri01a_p>50.0</cri01a_p>
<cri01b_p>50.0</cri01b_p>
<cri01c_p>50.0</cri01c_p>
<env01a_p>50.0</env01a_p>
<env01b_p>25.0</env01b_p>
<env01c_p>25.0</env01c_p>
<sec01_p>25.0</sec01_p>
<nat01a_l>70.0</nat01a_l>
<nat01b_l>50.0</nat01b_l>
<nat01c_l>80.0</nat01c_l>
<life01a_l>70.0</life01a_l>
<life01b_l>70.0</life01b_l>
<hea01a_l>75.0</hea01a_l>
<hea01b_l>50.0</hea01b_l>
<hea01c_l>50.0</hea01c_l>
<hea01d_l>25.0</hea01d_l>
<cri01a_l>75.0</cri01a_l>
<cri01b_l>75.0</cri01b_l>
<cri01c_l>75.0</cri01c_l>
<env01a_l>50.0</env01a_l>
<env01b_l>50.0</env01b_l>
<env01c_l>50.0</env01c_l>
<sec01_l>80.0</sec01_l>
</Row>
<Row>
<id>7.0</id>
<nat01a_p>75.0</nat01a_p>
<nat01b_p>20.0</nat01b_p>
<nat01c_p>80.0</nat01c_p>
<life01a_p>80.0</life01a_p>
<life01b_p>70.0</life01b_p>
<hea01a_p>70.0</hea01a_p>
<hea01b_p>75.0</hea01b_p>
<hea01c_p>65.0</hea01c_p>
<hea01d_p>25.0</hea01d_p>
<cri01a_p>30.0</cri01a_p>
<cri01b_p>30.0</cri01b_p>
<cri01c_p>75.0</cri01c_p>
<env01a_p>80.0</env01a_p>
<env01b_p>50.0</env01b_p>
<env01c_p>25.0</env01c_p>
<sec01_p>40.0</sec01_p>
<nat01a_l>70.0</nat01a_l>
<nat01b_l>10.0</nat01b_l>
<nat01c_l>72.0</nat01c_l>
<life01a_l>75.0</life01a_l>
<life01b_l>65.0</life01b_l>
<hea01a_l>70.0</hea01a_l>
<hea01b_l>70.0</hea01b_l>
<hea01c_l>70.0</hea01c_l>
<hea01d_l>25.0</hea01d_l>
<cri01a_l>60.0</cri01a_l>
<cri01b_l>60.0</cri01b_l>
<cri01c_l>55.0</cri01c_l>
<env01a_l>50.0</env01a_l>
<env01b_l>40.0</env01b_l>
<env01c_l>10.0</env01c_l>
<sec01_l>60.0</sec01_l>
</Row>
<Row>
<id>8.0</id>
<nat01a_p/>
<nat01b_p/>
<nat01c_p/>
<life01a_p/>
<life01b_p/>
<hea01a_p/>
<hea01b_p/>
<hea01c_p/>
<hea01d_p/>
<cri01a_p/>
<cri01b_p/>
<cri01c_p/>
<env01a_p/>
<env01b_p/>
<env01c_p/>
<sec01_p/>
<nat01a_l/>
<nat01b_l/>
<nat01c_l/>
<life01a_l/>
<life01b_l/>
<hea01a_l/>
<hea01b_l/>
<hea01c_l/>
<hea01d_l/>
<cri01a_l/>
<cri01b_l/>
<cri01c_l/>
<env01a_l/>
<env01b_l/>
<env01c_l/>
<sec01_l/>
</Row>
<Row>
<id>9.0</id>
<nat01a_p>90.0</nat01a_p>
<nat01b_p>10.0</nat01b_p>
<nat01c_p>80.0</nat01c_p>
<life01a_p>60.0</life01a_p>
<life01b_p>30.0</life01b_p>
<hea01a_p>60.0</hea01a_p>
<hea01b_p>50.0</hea01b_p>
<hea01c_p>30.0</hea01c_p>
<hea01d_p>10.0</hea01d_p>
<cri01a_p>70.0</cri01a_p>
<cri01b_p>80.0</cri01b_p>
<cri01c_p>90.0</cri01c_p>
<env01a_p>80.0</env01a_p>
<env01b_p>40.0</env01b_p>
<env01c_p>30.0</env01c_p>
<sec01_p>20.0</sec01_p>
<nat01a_l>75.0</nat01a_l>
<nat01b_l>10.0</nat01b_l>
<nat01c_l>50.0</nat01c_l>
<life01a_l>50.0</life01a_l>
<life01b_l>70.0</life01b_l>
<hea01a_l>60.0</hea01a_l>
<hea01b_l>50.0</hea01b_l>
<hea01c_l>40.0</hea01c_l>
<hea01d_l>60.0</hea01d_l>
<cri01a_l>70.0</cri01a_l>
<cri01b_l>60.0</cri01b_l>
<cri01c_l>60.0</cri01c_l>
<env01a_l>40.0</env01a_l>
<env01b_l>40.0</env01b_l>
<env01c_l>30.0</env01c_l>
<sec01_l>20.0</sec01_l>
</Row>
<Row>
<id>10.0</id>
<nat01a_p>60.0</nat01a_p>
<nat01b_p>40.0</nat01b_p>
<nat01c_p>60.0</nat01c_p>
<life01a_p>60.0</life01a_p>
<life01b_p>50.0</life01b_p>
<hea01a_p>70.0</hea01a_p>
<hea01b_p>60.0</hea01b_p>
<hea01c_p>60.0</hea01c_p>
<hea01d_p>40.0</hea01d_p>
<cri01a_p>60.0</cri01a_p>
<cri01b_p>60.0</cri01b_p>
<cri01c_p>50.0</cri01c_p>
<env01a_p>70.0</env01a_p>
<env01b_p>50.0</env01b_p>
<env01c_p>60.0</env01c_p>
<sec01_p>40.0</sec01_p>
<nat01a_l>70.0</nat01a_l>
<nat01b_l>30.0</nat01b_l>
<nat01c_l>60.0</nat01c_l>
<life01a_l>80.0</life01a_l>
<life01b_l>70.0</life01b_l>
<hea01a_l>80.0</hea01a_l>
<hea01b_l>70.0</hea01b_l>
<hea01c_l>60.0</hea01c_l>
<hea01d_l>30.0</hea01d_l>
<cri01a_l>60.0</cri01a_l>
<cri01b_l>50.0</cri01b_l>
<cri01c_l>60.0</cri01c_l>
<env01a_l>40.0</env01a_l>
<env01b_l>60.0</env01b_l>
<env01c_l>40.0</env01c_l>
<sec01_l>80.0</sec01_l>
</Row>
<Row>
<id>11.0</id>
<nat01a_p>95.0</nat01a_p>
<nat01b_p>25.0</nat01b_p>
<nat01c_p>50.0</nat01c_p>
<life01a_p>20.0</life01a_p>
<life01b_p>15.0</life01b_p>
<hea01a_p>50.0</hea01a_p>
<hea01b_p>50.0</hea01b_p>
<hea01c_p>50.0</hea01c_p>
<hea01d_p>20.0</hea01d_p>
<cri01a_p>40.0</cri01a_p>
<cri01b_p>40.0</cri01b_p>
<cri01c_p>60.0</cri01c_p>
<env01a_p>80.0</env01a_p>
<env01b_p>70.0</env01b_p>
<env01c_p>10.0</env01c_p>
<sec01_p>30.0</sec01_p>
<nat01a_l>80.0</nat01a_l>
<nat01b_l>80.0</nat01b_l>
<nat01c_l>80.0</nat01c_l>
<life01a_l>80.0</life01a_l>
<life01b_l>80.0</life01b_l>
<hea01a_l>60.0</hea01a_l>
<hea01b_l>60.0</hea01b_l>
<hea01c_l>60.0</hea01c_l>
<hea01d_l>60.0</hea01d_l>
<cri01a_l>80.0</cri01a_l>
<cri01b_l>80.0</cri01b_l>
<cri01c_l>60.0</cri01c_l>
<env01a_l>70.0</env01a_l>
<env01b_l>80.0</env01b_l>
<env01c_l>90.0</env01c_l>
<sec01_l>90.0</sec01_l>
</Row>
<Row>
<id>12.0</id>
<nat01a_p>75.0</nat01a_p>
<nat01b_p>30.0</nat01b_p>
<nat01c_p>80.0</nat01c_p>
<life01a_p>90.0</life01a_p>
<life01b_p>85.0</life01b_p>
<hea01a_p>90.0</hea01a_p>
<hea01b_p>75.0</hea01b_p>
<hea01c_p>80.0</hea01c_p>
<hea01d_p>75.0</hea01d_p>
<cri01a_p>75.0</cri01a_p>
<cri01b_p>75.0</cri01b_p>
<cri01c_p>85.0</cri01c_p>
<env01a_p>85.0</env01a_p>
<env01b_p>80.0</env01b_p>
<env01c_p>80.0</env01c_p>
<sec01_p>95.0</sec01_p>
<nat01a_l>50.0</nat01a_l>
<nat01b_l>10.0</nat01b_l>
<nat01c_l>40.0</nat01c_l>
<life01a_l>90.0</life01a_l>
<life01b_l>50.0</life01b_l>
<hea01a_l>70.0</hea01a_l>
<hea01b_l>70.0</hea01b_l>
<hea01c_l>80.0</hea01c_l>
<hea01d_l>70.0</hea01d_l>
<cri01a_l>70.0</cri01a_l>
<cri01b_l>70.0</cri01b_l>
<cri01c_l>75.0</cri01c_l>
<env01a_l>30.0</env01a_l>
<env01b_l>30.0</env01b_l>
<env01c_l>25.0</env01c_l>
<sec01_l>30.0</sec01_l>
</Row>
<Row>
<id>13.0</id>
<nat01a_p>75.0</nat01a_p>
<nat01b_p>50.0</nat01b_p>
<nat01c_p>40.0</nat01c_p>
<life01a_p>90.0</life01a_p>
<life01b_p>80.0</life01b_p>
<hea01a_p>40.0</hea01a_p>
<hea01b_p>40.0</hea01b_p>
<hea01c_p>30.0</hea01c_p>
<hea01d_p>10.0</hea01d_p>
<cri01a_p>75.0</cri01a_p>
<cri01b_p>75.0</cri01b_p>
<cri01c_p>90.0</cri01c_p>
<env01a_p>75.0</env01a_p>
<env01b_p>15.0</env01b_p>
<env01c_p>5.0</env01c_p>
<sec01_p>10.0</sec01_p>
<nat01a_l>50.0</nat01a_l>
<nat01b_l>25.0</nat01b_l>
<nat01c_l>50.0</nat01c_l>
<life01a_l>75.0</life01a_l>
<life01b_l>75.0</life01b_l>
<hea01a_l>90.0</hea01a_l>
<hea01b_l>90.0</hea01b_l>
<hea01c_l>90.0</hea01c_l>
<hea01d_l>75.0</hea01d_l>
<cri01a_l>75.0</cri01a_l>
<cri01b_l>50.0</cri01b_l>
<cri01c_l>90.0</cri01c_l>
<env01a_l>25.0</env01a_l>
<env01b_l>25.0</env01b_l>
<env01c_l>90.0</env01c_l>
<sec01_l>75.0</sec01_l>
</Row>
<Row>
<id>14.0</id>
<nat01a_p>65.0</nat01a_p>
<nat01b_p>40.0</nat01b_p>
<nat01c_p>50.0</nat01c_p>
<life01a_p>75.0</life01a_p>
<life01b_p>60.0</life01b_p>
<hea01a_p>60.0</hea01a_p>
<hea01b_p>55.0</hea01b_p>
<hea01c_p>50.0</hea01c_p>
<hea01d_p>25.0</hea01d_p>
<cri01a_p>25.0</cri01a_p>
<cri01b_p>70.0</cri01b_p>
<cri01c_p>80.0</cri01c_p>
<env01a_p>80.0</env01a_p>
<env01b_p>50.0</env01b_p>
<env01c_p>35.0</env01c_p>
<sec01_p>50.0</sec01_p>
<nat01a_l>50.0</nat01a_l>
<nat01b_l>25.0</nat01b_l>
<nat01c_l>50.0</nat01c_l>
<life01a_l>65.0</life01a_l>
<life01b_l>50.0</life01b_l>
<hea01a_l>50.0</hea01a_l>
<hea01b_l>50.0</hea01b_l>
<hea01c_l>50.0</hea01c_l>
<hea01d_l>25.0</hea01d_l>
<cri01a_l>20.0</cri01a_l>
<cri01b_l>45.0</cri01b_l>
<cri01c_l>50.0</cri01c_l>
<env01a_l>50.0</env01a_l>
<env01b_l>25.0</env01b_l>
<env01c_l>30.0</env01c_l>
<sec01_l>(공란은 ?로 응답/결측)</sec01_l>
</Row>
<Row>
<id>15.0</id>
<nat01a_p>60.0</nat01a_p>
<nat01b_p>25.0</nat01b_p>
<nat01c_p>60.0</nat01c_p>
<life01a_p>70.0</life01a_p>
<life01b_p>60.0</life01b_p>
<hea01a_p>70.0</hea01a_p>
<hea01b_p>60.0</hea01b_p>
<hea01c_p>40.0</hea01c_p>
<hea01d_p>45.0</hea01d_p>
<cri01a_p>60.0</cri01a_p>
<cri01b_p>65.0</cri01b_p>
<cri01c_p>70.0</cri01c_p>
<env01a_p>60.0</env01a_p>
<env01b_p>50.0</env01b_p>
<env01c_p>40.0</env01c_p>
<sec01_p>55.0</sec01_p>
<nat01a_l>70.0</nat01a_l>
<nat01b_l>50.0</nat01b_l>
<nat01c_l>70.0</nat01c_l>
<life01a_l>70.0</life01a_l>
<life01b_l>65.0</life01b_l>
<hea01a_l>70.0</hea01a_l>
<hea01b_l>45.0</hea01b_l>
<hea01c_l>60.0</hea01c_l>
<hea01d_l>70.0</hea01d_l>
<cri01a_l>65.0</cri01a_l>
<cri01b_l>65.0</cri01b_l>
<cri01c_l>65.0</cri01c_l>
<env01a_l>50.0</env01a_l>
<env01b_l>40.0</env01b_l>
<env01c_l>50.0</env01c_l>
<sec01_l>60.0</sec01_l>
</Row>
<Row>
<id>16.0</id>
<nat01a_p/>
<nat01b_p/>
<nat01c_p/>
<life01a_p/>
<life01b_p/>
<hea01a_p/>
<hea01b_p/>
<hea01c_p/>
<hea01d_p/>
<cri01a_p/>
<cri01b_p/>
<cri01c_p/>
<env01a_p/>
<env01b_p/>
<env01c_p/>
<sec01_p/>
<nat01a_l/>
<nat01b_l/>
<nat01c_l/>
<life01a_l/>
<life01b_l/>
<hea01a_l/>
<hea01b_l/>
<hea01c_l/>
<hea01d_l/>
<cri01a_l/>
<cri01b_l/>
<cri01c_l/>
<env01a_l/>
<env01b_l/>
<env01c_l/>
<sec01_l/>
</Row>
<Row>
<id>17.0</id>
<nat01a_p>30.0</nat01a_p>
<nat01b_p>10.0</nat01b_p>
<nat01c_p>90.0</nat01c_p>
<life01a_p>90.0</life01a_p>
<life01b_p>50.0</life01b_p>
<hea01a_p>90.0</hea01a_p>
<hea01b_p>50.0</hea01b_p>
<hea01c_p>50.0</hea01c_p>
<hea01d_p>30.0</hea01d_p>
<cri01a_p>70.0</cri01a_p>
<cri01b_p>70.0</cri01b_p>
<cri01c_p>90.0</cri01c_p>
<env01a_p>60.0</env01a_p>
<env01b_p>70.0</env01b_p>
<env01c_p>50.0</env01c_p>
<sec01_p>80.0</sec01_p>
<nat01a_l>50.0</nat01a_l>
<nat01b_l>5.0</nat01b_l>
<nat01c_l>60.0</nat01c_l>
<life01a_l>60.0</life01a_l>
<life01b_l>50.0</life01b_l>
<hea01a_l>70.0</hea01a_l>
<hea01b_l>50.0</hea01b_l>
<hea01c_l>90.0</hea01c_l>
<hea01d_l>90.0</hea01d_l>
<cri01a_l>50.0</cri01a_l>
<cri01b_l>50.0</cri01b_l>
<cri01c_l>50.0</cri01c_l>
<env01a_l>60.0</env01a_l>
<env01b_l>20.0</env01b_l>
<env01c_l>50.0</env01c_l>
<sec01_l>30.0</sec01_l>
</Row>
<Row>
<id>18.0</id>
<nat01a_p>75.0</nat01a_p>
<nat01b_p>10.0</nat01b_p>
<nat01c_p>75.0</nat01c_p>
<life01a_p>100.0</life01a_p>
<life01b_p>90.0</life01b_p>
<hea01a_p>90.0</hea01a_p>
<hea01b_p>90.0</hea01b_p>
<hea01c_p>90.0</hea01c_p>
<hea01d_p>50.0</hea01d_p>
<cri01a_p>50.0</cri01a_p>
<cri01b_p>75.0</cri01b_p>
<cri01c_p>100.0</cri01c_p>
<env01a_p>50.0</env01a_p>
<env01b_p>50.0</env01b_p>
<env01c_p>50.0</env01c_p>
<sec01_p>75.0</sec01_p>
<nat01a_l>75.0</nat01a_l>
<nat01b_l>10.0</nat01b_l>
<nat01c_l>50.0</nat01c_l>
<life01a_l>25.0</life01a_l>
<life01b_l>25.0</life01b_l>
<hea01a_l>75.0</hea01a_l>
<hea01b_l>25.0</hea01b_l>
<hea01c_l>15.0</hea01c_l>
<hea01d_l>25.0</hea01d_l>
<cri01a_l>50.0</cri01a_l>
<cri01b_l>50.0</cri01b_l>
<cri01c_l>50.0</cri01c_l>
<env01a_l>25.0</env01a_l>
<env01b_l>25.0</env01b_l>
<env01c_l>50.0</env01c_l>
<sec01_l>75.0</sec01_l>
</Row>
<Row>
<id>19.0</id>
<nat01a_p/>
<nat01b_p/>
<nat01c_p/>
<life01a_p/>
<life01b_p/>
<hea01a_p/>
<hea01b_p/>
<hea01c_p/>
<hea01d_p/>
<cri01a_p/>
<cri01b_p/>
<cri01c_p/>
<env01a_p/>
<env01b_p/>
<env01c_p/>
<sec01_p/>
<nat01a_l/>
<nat01b_l/>
<nat01c_l/>
<life01a_l/>
<life01b_l/>
<hea01a_l/>
<hea01b_l/>
<hea01c_l/>
<hea01d_l/>
<cri01a_l/>
<cri01b_l/>
<cri01c_l/>
<env01a_l/>
<env01b_l/>
<env01c_l/>
<sec01_l/>
</Row>
<Row>
<id>20.0</id>
<nat01a_p>75.0</nat01a_p>
<nat01b_p>25.0</nat01b_p>
<nat01c_p>75.0</nat01c_p>
<life01a_p>100.0</life01a_p>
<life01b_p>75.0</life01b_p>
<hea01a_p>75.0</hea01a_p>
<hea01b_p>50.0</hea01b_p>
<hea01c_p>50.0</hea01c_p>
<hea01d_p>25.0</hea01d_p>
<cri01a_p>75.0</cri01a_p>
<cri01b_p>75.0</cri01b_p>
<cri01c_p>75.0</cri01c_p>
<env01a_p>100.0</env01a_p>
<env01b_p>25.0</env01b_p>
<env01c_p>25.0</env01c_p>
<sec01_p>75.0</sec01_p>
<nat01a_l>25.0</nat01a_l>
<nat01b_l>0.0</nat01b_l>
<nat01c_l>50.0</nat01c_l>
<life01a_l>50.0</life01a_l>
<life01b_l>50.0</life01b_l>
<hea01a_l>50.0</hea01a_l>
<hea01b_l>50.0</hea01b_l>
<hea01c_l>75.0</hea01c_l>
<hea01d_l>75.0</hea01d_l>
<cri01a_l>50.0</cri01a_l>
<cri01b_l>50.0</cri01b_l>
<cri01c_l>25.0</cri01c_l>
<env01a_l>25.0</env01a_l>
<env01b_l>25.0</env01b_l>
<env01c_l>75.0</env01c_l>
<sec01_l>50.0</sec01_l>
</Row>
<Row>
<id>21.0</id>
<nat01a_p>70.0</nat01a_p>
<nat01b_p>30.0</nat01b_p>
<nat01c_p>50.0</nat01c_p>
<life01a_p>50.0</life01a_p>
<life01b_p>35.0</life01b_p>
<hea01a_p>65.0</hea01a_p>
<hea01b_p>35.0</hea01b_p>
<hea01c_p>50.0</hea01c_p>
<hea01d_p>10.0</hea01d_p>
<cri01a_p>70.0</cri01a_p>
<cri01b_p>70.0</cri01b_p>
<cri01c_p>75.0</cri01c_p>
<env01a_p>60.0</env01a_p>
<env01b_p>45.0</env01b_p>
<env01c_p>20.0</env01c_p>
<sec01_p>60.0</sec01_p>
<nat01a_l>75.0</nat01a_l>
<nat01b_l>40.0</nat01b_l>
<nat01c_l>75.0</nat01c_l>
<life01a_l>75.0</life01a_l>
<life01b_l>65.0</life01b_l>
<hea01a_l>40.0</hea01a_l>
<hea01b_l>75.0</hea01b_l>
<hea01c_l>60.0</hea01c_l>
<hea01d_l>75.0</hea01d_l>
<cri01a_l>55.0</cri01a_l>
<cri01b_l>55.0</cri01b_l>
<cri01c_l>65.0</cri01c_l>
<env01a_l>30.0</env01a_l>
<env01b_l>30.0</env01b_l>
<env01c_l>75.0</env01c_l>
<sec01_l>80.0</sec01_l>
</Row>
<Row>
<id>22.0</id>
<nat01a_p>90.0</nat01a_p>
<nat01b_p>60.0</nat01b_p>
<nat01c_p>30.0</nat01c_p>
<life01a_p>60.0</life01a_p>
<life01b_p>60.0</life01b_p>
<hea01a_p>70.0</hea01a_p>
<hea01b_p>60.0</hea01b_p>
<hea01c_p>60.0</hea01c_p>
<hea01d_p>60.0</hea01d_p>
<cri01a_p>60.0</cri01a_p>
<cri01b_p>50.0</cri01b_p>
<cri01c_p>70.0</cri01c_p>
<env01a_p>70.0</env01a_p>
<env01b_p>60.0</env01b_p>
<env01c_p>60.0</env01c_p>
<sec01_p>60.0</sec01_p>
<nat01a_l>70.0</nat01a_l>
<nat01b_l>30.0</nat01b_l>
<nat01c_l>70.0</nat01c_l>
<life01a_l>70.0</life01a_l>
<life01b_l>70.0</life01b_l>
<hea01a_l>70.0</hea01a_l>
<hea01b_l>70.0</hea01b_l>
<hea01c_l>70.0</hea01c_l>
<hea01d_l>50.0</hea01d_l>
<cri01a_l>60.0</cri01a_l>
<cri01b_l>60.0</cri01b_l>
<cri01c_l>70.0</cri01c_l>
<env01a_l>60.0</env01a_l>
<env01b_l>60.0</env01b_l>
<env01c_l>50.0</env01c_l>
<sec01_l>70.0</sec01_l>
</Row>
<Row>
<id>23.0</id>
<nat01a_p>75.0</nat01a_p>
<nat01b_p>25.0</nat01b_p>
<nat01c_p>75.0</nat01c_p>
<life01a_p>100.0</life01a_p>
<life01b_p>75.0</life01b_p>
<hea01a_p>75.0</hea01a_p>
<hea01b_p>50.0</hea01b_p>
<hea01c_p>50.0</hea01c_p>
<hea01d_p>25.0</hea01d_p>
<cri01a_p>50.0</cri01a_p>
<cri01b_p>50.0</cri01b_p>
<cri01c_p>75.0</cri01c_p>
<env01a_p>75.0</env01a_p>
<env01b_p>75.0</env01b_p>
<env01c_p>75.0</env01c_p>
<sec01_p>25.0</sec01_p>
<nat01a_l>50.0</nat01a_l>
<nat01b_l>25.0</nat01b_l>
<nat01c_l>75.0</nat01c_l>
<life01a_l>75.0</life01a_l>
<life01b_l>50.0</life01b_l>
<hea01a_l>75.0</hea01a_l>
<hea01b_l>50.0</hea01b_l>
<hea01c_l>75.0</hea01c_l>
<hea01d_l>50.0</hea01d_l>
<cri01a_l>75.0</cri01a_l>
<cri01b_l>75.0</cri01b_l>
<cri01c_l>50.0</cri01c_l>
<env01a_l>50.0</env01a_l>
<env01b_l>50.0</env01b_l>
<env01c_l>50.0</env01c_l>
<sec01_l>75.0</sec01_l>
</Row>
<Row>
<id>24.0</id>
<nat01a_p>100.0</nat01a_p>
<nat01b_p>20.0</nat01b_p>
<nat01c_p>60.0</nat01c_p>
<life01a_p>60.0</life01a_p>
<life01b_p>60.0</life01b_p>
<hea01a_p>60.0</hea01a_p>
<hea01b_p>50.0</hea01b_p>
<hea01c_p>50.0</hea01c_p>
<hea01d_p>5.0</hea01d_p>
<cri01a_p>50.0</cri01a_p>
<cri01b_p>50.0</cri01b_p>
<cri01c_p>80.0</cri01c_p>
<env01a_p>70.0</env01a_p>
<env01b_p>20.0</env01b_p>
<env01c_p>20.0</env01c_p>
<sec01_p>50.0</sec01_p>
<nat01a_l>60.0</nat01a_l>
<nat01b_l>40.0</nat01b_l>
<nat01c_l>80.0</nat01c_l>
<life01a_l>70.0</life01a_l>
<life01b_l>70.0</life01b_l>
<hea01a_l>60.0</hea01a_l>
<hea01b_l>50.0</hea01b_l>
<hea01c_l>50.0</hea01c_l>
<hea01d_l>80.0</hea01d_l>
<cri01a_l>60.0</cri01a_l>
<cri01b_l>60.0</cri01b_l>
<cri01c_l>70.0</cri01c_l>
<env01a_l>60.0</env01a_l>
<env01b_l>30.0</env01b_l>
<env01c_l>40.0</env01c_l>
<sec01_l>80.0</sec01_l>
</Row>
<Row>
<id>25.0</id>
<nat01a_p>90.0</nat01a_p>
<nat01b_p>40.0</nat01b_p>
<nat01c_p>90.0</nat01c_p>
<life01a_p>90.0</life01a_p>
<life01b_p>80.0</life01b_p>
<hea01a_p>95.0</hea01a_p>
<hea01b_p>90.0</hea01b_p>
<hea01c_p>85.0</hea01c_p>
<hea01d_p>90.0</hea01d_p>
<cri01a_p>90.0</cri01a_p>
<cri01b_p>90.0</cri01b_p>
<cri01c_p>95.0</cri01c_p>
<env01a_p>85.0</env01a_p>
<env01b_p>85.0</env01b_p>
<env01c_p>50.0</env01c_p>
<sec01_p>90.0</sec01_p>
<nat01a_l>70.0</nat01a_l>
<nat01b_l>40.0</nat01b_l>
<nat01c_l>70.0</nat01c_l>
<life01a_l>70.0</life01a_l>
<life01b_l>70.0</life01b_l>
<hea01a_l>80.0</hea01a_l>
<hea01b_l>90.0</hea01b_l>
<hea01c_l>40.0</hea01c_l>
<hea01d_l>40.0</hea01d_l>
<cri01a_l>80.0</cri01a_l>
<cri01b_l>60.0</cri01b_l>
<cri01c_l>10.0</cri01c_l>
<env01a_l>75.0</env01a_l>
<env01b_l>60.0</env01b_l>
<env01c_l>40.0</env01c_l>
<sec01_l>85.0</sec01_l>
</Row>
<Row>
<id>26.0</id>
<nat01a_p>70.0</nat01a_p>
<nat01b_p>20.0</nat01b_p>
<nat01c_p>70.0</nat01c_p>
<life01a_p>90.0</life01a_p>
<life01b_p>80.0</life01b_p>
<hea01a_p>80.0</hea01a_p>
<hea01b_p>70.0</hea01b_p>
<hea01c_p>50.0</hea01c_p>
<hea01d_p>10.0</hea01d_p>
<cri01a_p>60.0</cri01a_p>
<cri01b_p>60.0</cri01b_p>
<cri01c_p>70.0</cri01c_p>
<env01a_p>15.0</env01a_p>
<env01b_p>20.0</env01b_p>
<env01c_p>30.0</env01c_p>
<sec01_p>20.0</sec01_p>
<nat01a_l>50.0</nat01a_l>
<nat01b_l>10.0</nat01b_l>
<nat01c_l>60.0</nat01c_l>
<life01a_l>70.0</life01a_l>
<life01b_l>60.0</life01b_l>
<hea01a_l>70.0</hea01a_l>
<hea01b_l>40.0</hea01b_l>
<hea01c_l>50.0</hea01c_l>
<hea01d_l>20.0</hea01d_l>
<cri01a_l>70.0</cri01a_l>
<cri01b_l>30.0</cri01b_l>
<cri01c_l>50.0</cri01c_l>
<env01a_l>40.0</env01a_l>
<env01b_l>20.0</env01b_l>
<env01c_l>20.0</env01c_l>
<sec01_l>50.0</sec01_l>
</Row>
<Row>
<id>27.0</id>
<nat01a_p>80.0</nat01a_p>
<nat01b_p>20.0</nat01b_p>
<nat01c_p>80.0</nat01c_p>
<life01a_p>90.0</life01a_p>
<life01b_p>80.0</life01b_p>
<hea01a_p>90.0</hea01a_p>
<hea01b_p>80.0</hea01b_p>
<hea01c_p>70.0</hea01c_p>
<hea01d_p>30.0</hea01d_p>
<cri01a_p>75.0</cri01a_p>
<cri01b_p>80.0</cri01b_p>
<cri01c_p>90.0</cri01c_p>
<env01a_p>65.0</env01a_p>
<env01b_p>50.0</env01b_p>
<env01c_p>40.0</env01c_p>
<sec01_p>60.0</sec01_p>
<nat01a_l>60.0</nat01a_l>
<nat01b_l>20.0</nat01b_l>
<nat01c_l>60.0</nat01c_l>
<life01a_l>60.0</life01a_l>
<life01b_l>60.0</life01b_l>
<hea01a_l>70.0</hea01a_l>
<hea01b_l>60.0</hea01b_l>
<hea01c_l>60.0</hea01c_l>
<hea01d_l>20.0</hea01d_l>
<cri01a_l>40.0</cri01a_l>
<cri01b_l>40.0</cri01b_l>
<cri01c_l>50.0</cri01c_l>
<env01a_l>20.0</env01a_l>
<env01b_l>20.0</env01b_l>
<env01c_l>20.0</env01c_l>
<sec01_l>20.0</sec01_l>
</Row>
<Row>
<id>28.0</id>
<nat01a_p>75.0</nat01a_p>
<nat01b_p>25.0</nat01b_p>
<nat01c_p>75.0</nat01c_p>
<life01a_p>100.0</life01a_p>
<life01b_p>75.0</life01b_p>
<hea01a_p>100.0</hea01a_p>
<hea01b_p>50.0</hea01b_p>
<hea01c_p>50.0</hea01c_p>
<hea01d_p>0.0</hea01d_p>
<cri01a_p>25.0</cri01a_p>
<cri01b_p>25.0</cri01b_p>
<cri01c_p>100.0</cri01c_p>
<env01a_p>75.0</env01a_p>
<env01b_p>50.0</env01b_p>
<env01c_p>0.0</env01c_p>
<sec01_p>25.0</sec01_p>
<nat01a_l>50.0</nat01a_l>
<nat01b_l>50.0</nat01b_l>
<nat01c_l>25.0</nat01c_l>
<life01a_l>25.0</life01a_l>
<life01b_l>25.0</life01b_l>
<hea01a_l>50.0</hea01a_l>
<hea01b_l>50.0</hea01b_l>
<hea01c_l>50.0</hea01c_l>
<hea01d_l>75.0</hea01d_l>
<cri01a_l>50.0</cri01a_l>
<cri01b_l>50.0</cri01b_l>
<cri01c_l>25.0</cri01c_l>
<env01a_l>50.0</env01a_l>
<env01b_l>25.0</env01b_l>
<env01c_l>75.0</env01c_l>
<sec01_l>25.0</sec01_l>
</Row>
<Row>
<id>29.0</id>
<nat01a_p>70.0</nat01a_p>
<nat01b_p>75.0</nat01b_p>
<nat01c_p>80.0</nat01c_p>
<life01a_p>100.0</life01a_p>
<life01b_p>100.0</life01b_p>
<hea01a_p>75.0</hea01a_p>
<hea01b_p>80.0</hea01b_p>
<hea01c_p>50.0</hea01c_p>
<hea01d_p>50.0</hea01d_p>
<cri01a_p>75.0</cri01a_p>
<cri01b_p>80.0</cri01b_p>
<cri01c_p>90.0</cri01c_p>
<env01a_p>75.0</env01a_p>
<env01b_p>90.0</env01b_p>
<env01c_p>80.0</env01c_p>
<sec01_p>80.0</sec01_p>
<nat01a_l>50.0</nat01a_l>
<nat01b_l>20.0</nat01b_l>
<nat01c_l>70.0</nat01c_l>
<life01a_l>30.0</life01a_l>
<life01b_l>60.0</life01b_l>
<hea01a_l>50.0</hea01a_l>
<hea01b_l>50.0</hea01b_l>
<hea01c_l>50.0</hea01c_l>
<hea01d_l>50.0</hea01d_l>
<cri01a_l>70.0</cri01a_l>
<cri01b_l>50.0</cri01b_l>
<cri01c_l>40.0</cri01c_l>
<env01a_l>50.0</env01a_l>
<env01b_l>70.0</env01b_l>
<env01c_l>40.0</env01c_l>
<sec01_l>70.0</sec01_l>
</Row>
<Row>
<id>30.0</id>
<nat01a_p>1.0</nat01a_p>
<nat01b_p>0.01</nat01b_p>
<nat01c_p>5.0</nat01c_p>
<life01a_p>15.0</life01a_p>
<life01b_p>10.0</life01b_p>
<hea01a_p>5.0</hea01a_p>
<hea01b_p>5.0</hea01b_p>
<hea01c_p>5.0</hea01c_p>
<hea01d_p>1.0E-5</hea01d_p>
<cri01a_p>3.0</cri01a_p>
<cri01b_p>5.0</cri01b_p>
<cri01c_p>8.0</cri01c_p>
<env01a_p>0.1</env01a_p>
<env01b_p>0.5</env01b_p>
<env01c_p>1.0E-5</env01c_p>
<sec01_p>0.0010</sec01_p>
<nat01a_l>95.0</nat01a_l>
<nat01b_l>80.0</nat01b_l>
<nat01c_l>85.0</nat01c_l>
<life01a_l>80.0</life01a_l>
<life01b_l>90.0</life01b_l>
<hea01a_l>90.0</hea01a_l>
<hea01b_l>85.0</hea01b_l>
<hea01c_l>80.0</hea01c_l>
<hea01d_l>99.0</hea01d_l>
<cri01a_l>90.0</cri01a_l>
<cri01b_l>90.0</cri01b_l>
<cri01c_l>80.0</cri01c_l>
<env01a_l>85.0</env01a_l>
<env01b_l>80.0</env01b_l>
<env01c_l>99.0</env01c_l>
<sec01_l>95.0</sec01_l>
</Row>
<Row>
<id>31.0</id>
<nat01a_p>75.0</nat01a_p>
<nat01b_p>25.0</nat01b_p>
<nat01c_p>100.0</nat01c_p>
<life01a_p>100.0</life01a_p>
<life01b_p>25.0</life01b_p>
<hea01a_p>75.0</hea01a_p>
<hea01b_p>25.0</hea01b_p>
<hea01c_p>50.0</hea01c_p>
<hea01d_p>0.0</hea01d_p>
<cri01a_p>100.0</cri01a_p>
<cri01b_p>50.0</cri01b_p>
<cri01c_p>50.0</cri01c_p>
<env01a_p>25.0</env01a_p>
<env01b_p>25.0</env01b_p>
<env01c_p>25.0</env01c_p>
<sec01_p>25.0</sec01_p>
<nat01a_l>50.0</nat01a_l>
<nat01b_l>25.0</nat01b_l>
<nat01c_l>50.0</nat01c_l>
<life01a_l>25.0</life01a_l>
<life01b_l>25.0</life01b_l>
<hea01a_l>50.0</hea01a_l>
<hea01b_l>25.0</hea01b_l>
<hea01c_l>50.0</hea01c_l>
<hea01d_l>0.0</hea01d_l>
<cri01a_l>50.0</cri01a_l>
<cri01b_l>25.0</cri01b_l>
<cri01c_l>25.0</cri01c_l>
<env01a_l>25.0</env01a_l>
<env01b_l>0.0</env01b_l>
<env01c_l>75.0</env01c_l>
<sec01_l>0.0</sec01_l>
</Row>
<Row>
<id>32.0</id>
<nat01a_p>50.0</nat01a_p>
<nat01b_p>25.0</nat01b_p>
<nat01c_p>75.0</nat01c_p>
<life01a_p>75.0</life01a_p>
<life01b_p>50.0</life01b_p>
<hea01a_p>75.0</hea01a_p>
<hea01b_p>50.0</hea01b_p>
<hea01c_p>25.0</hea01c_p>
<hea01d_p>50.0</hea01d_p>
<cri01a_p>75.0</cri01a_p>
<cri01b_p>75.0</cri01b_p>
<cri01c_p>75.0</cri01c_p>
<env01a_p>50.0</env01a_p>
<env01b_p>50.0</env01b_p>
<env01c_p>25.0</env01c_p>
<sec01_p>25.0</sec01_p>
<nat01a_l>25.0</nat01a_l>
<nat01b_l>25.0</nat01b_l>
<nat01c_l>75.0</nat01c_l>
<life01a_l>75.0</life01a_l>
<life01b_l>50.0</life01b_l>
<hea01a_l>50.0</hea01a_l>
<hea01b_l>50.0</hea01b_l>
<hea01c_l>25.0</hea01c_l>
<hea01d_l>25.0</hea01d_l>
<cri01a_l>75.0</cri01a_l>
<cri01b_l>50.0</cri01b_l>
<cri01c_l>25.0</cri01c_l>
<env01a_l>25.0</env01a_l>
<env01b_l>50.0</env01b_l>
<env01c_l>25.0</env01c_l>
<sec01_l>50.0</sec01_l>
</Row>
<Row>
<id>33.0</id>
<nat01a_p>80.0</nat01a_p>
<nat01b_p>50.0</nat01b_p>
<nat01c_p>85.0</nat01c_p>
<life01a_p>75.0</life01a_p>
<life01b_p>80.0</life01b_p>
<hea01a_p>75.0</hea01a_p>
<hea01b_p>70.0</hea01b_p>
<hea01c_p>50.0</hea01c_p>
<hea01d_p>50.0</hea01d_p>
<cri01a_p>80.0</cri01a_p>
<cri01b_p>80.0</cri01b_p>
<cri01c_p>95.0</cri01c_p>
<env01a_p>60.0</env01a_p>
<env01b_p>50.0</env01b_p>
<env01c_p>70.0</env01c_p>
<sec01_p>50.0</sec01_p>
<nat01a_l>20.0</nat01a_l>
<nat01b_l>10.0</nat01b_l>
<nat01c_l>30.0</nat01c_l>
<life01a_l>50.0</life01a_l>
<life01b_l>40.0</life01b_l>
<hea01a_l>50.0</hea01a_l>
<hea01b_l>50.0</hea01b_l>
<hea01c_l>60.0</hea01c_l>
<hea01d_l>50.0</hea01d_l>
<cri01a_l>20.0</cri01a_l>
<cri01b_l>20.0</cri01b_l>
<cri01c_l>5.0</cri01c_l>
<env01a_l>25.0</env01a_l>
<env01b_l>50.0</env01b_l>
<env01c_l>30.0</env01c_l>
<sec01_l>45.0</sec01_l>
</Row>
<Row>
<id>34.0</id>
<nat01a_p>100.0</nat01a_p>
<nat01b_p>75.0</nat01b_p>
<nat01c_p>75.0</nat01c_p>
<life01a_p>75.0</life01a_p>
<life01b_p>50.0</life01b_p>
<hea01a_p>50.0</hea01a_p>
<hea01b_p>75.0</hea01b_p>
<hea01c_p>50.0</hea01c_p>
<hea01d_p>25.0</hea01d_p>
<cri01a_p>75.0</cri01a_p>
<cri01b_p>50.0</cri01b_p>
<cri01c_p>25.0</cri01c_p>
<env01a_p>75.0</env01a_p>
<env01b_p>50.0</env01b_p>
<env01c_p>50.0</env01c_p>
<sec01_p>50.0</sec01_p>
<nat01a_l>75.0</nat01a_l>
<nat01b_l>25.0</nat01b_l>
<nat01c_l>75.0</nat01c_l>
<life01a_l>50.0</life01a_l>
<life01b_l>75.0</life01b_l>
<hea01a_l>75.0</hea01a_l>
<hea01b_l>25.0</hea01b_l>
<hea01c_l>25.0</hea01c_l>
<hea01d_l>25.0</hea01d_l>
<cri01a_l>50.0</cri01a_l>
<cri01b_l>25.0</cri01b_l>
<cri01c_l>50.0</cri01c_l>
<env01a_l>25.0</env01a_l>
<env01b_l>25.0</env01b_l>
<env01c_l>25.0</env01c_l>
<sec01_l>50.0</sec01_l>
</Row>
<Row>
<id>35.0</id>
<nat01a_p/>
<nat01b_p/>
<nat01c_p/>
<life01a_p/>
<life01b_p/>
<hea01a_p/>
<hea01b_p/>
<hea01c_p/>
<hea01d_p/>
<cri01a_p/>
<cri01b_p/>
<cri01c_p/>
<env01a_p/>
<env01b_p/>
<env01c_p/>
<sec01_p/>
<nat01a_l/>
<nat01b_l/>
<nat01c_l/>
<life01a_l/>
<life01b_l/>
<hea01a_l/>
<hea01b_l/>
<hea01c_l/>
<hea01d_l/>
<cri01a_l/>
<cri01b_l/>
<cri01c_l/>
<env01a_l/>
<env01b_l/>
<env01c_l/>
<sec01_l/>
</Row>
<Row>
<id>36.0</id>
<nat01a_p>95.0</nat01a_p>
<nat01b_p>40.0</nat01b_p>
<nat01c_p>20.0</nat01c_p>
<life01a_p>0.1</life01a_p>
<life01b_p>65.0</life01b_p>
<hea01a_p>60.0</hea01a_p>
<hea01b_p>35.0</hea01b_p>
<hea01c_p>60.0</hea01c_p>
<hea01d_p>10.0</hea01d_p>
<cri01a_p>0.1</cri01a_p>
<cri01b_p>0.5</cri01b_p>
<cri01c_p>10.0</cri01c_p>
<env01a_p>98.0</env01a_p>
<env01b_p>95.0</env01b_p>
<env01c_p>1.0</env01c_p>
<sec01_p>80.0</sec01_p>
<nat01a_l>60.0</nat01a_l>
<nat01b_l>70.0</nat01b_l>
<nat01c_l>80.0</nat01c_l>
<life01a_l>15.0</life01a_l>
<life01b_l>45.0</life01b_l>
<hea01a_l>90.0</hea01a_l>
<hea01b_l>95.0</hea01b_l>
<hea01c_l>95.0</hea01c_l>
<hea01d_l>80.0</hea01d_l>
<cri01a_l>85.0</cri01a_l>
<cri01b_l>60.0</cri01b_l>
<cri01c_l>80.0</cri01c_l>
<env01a_l>20.0</env01a_l>
<env01b_l>15.0</env01b_l>
<env01c_l>1.0</env01c_l>
<sec01_l>60.0</sec01_l>
</Row>
<Row>
<id>37.0</id>
<nat01a_p>50.0</nat01a_p>
<nat01b_p>20.0</nat01b_p>
<nat01c_p>70.0</nat01c_p>
<life01a_p>80.0</life01a_p>
<life01b_p>50.0</life01b_p>
<hea01a_p>70.0</hea01a_p>
<hea01b_p>70.0</hea01b_p>
<hea01c_p>50.0</hea01c_p>
<hea01d_p>20.0</hea01d_p>
<cri01a_p>70.0</cri01a_p>
<cri01b_p>80.0</cri01b_p>
<cri01c_p>90.0</cri01c_p>
<env01a_p>90.0</env01a_p>
<env01b_p>95.0</env01b_p>
<env01c_p>60.0</env01c_p>
<sec01_p>40.0</sec01_p>
<nat01a_l>30.0</nat01a_l>
<nat01b_l>10.0</nat01b_l>
<nat01c_l>60.0</nat01c_l>
<life01a_l>50.0</life01a_l>
<life01b_l>60.0</life01b_l>
<hea01a_l>70.0</hea01a_l>
<hea01b_l>70.0</hea01b_l>
<hea01c_l>80.0</hea01c_l>
<hea01d_l>80.0</hea01d_l>
<cri01a_l>40.0</cri01a_l>
<cri01b_l>40.0</cri01b_l>
<cri01c_l>20.0</cri01c_l>
<env01a_l>30.0</env01a_l>
<env01b_l>20.0</env01b_l>
<env01c_l>40.0</env01c_l>
<sec01_l>40.0</sec01_l>
</Row>
<Row>
<id>38.0</id>
<nat01a_p>85.0</nat01a_p>
<nat01b_p>50.0</nat01b_p>
<nat01c_p>90.0</nat01c_p>
<life01a_p>90.0</life01a_p>
<life01b_p>90.0</life01b_p>
<hea01a_p>90.0</hea01a_p>
<hea01b_p>80.0</hea01b_p>
<hea01c_p>90.0</hea01c_p>
<hea01d_p>20.0</hea01d_p>
<cri01a_p>80.0</cri01a_p>
<cri01b_p>90.0</cri01b_p>
<cri01c_p>90.0</cri01c_p>
<env01a_p>80.0</env01a_p>
<env01b_p>80.0</env01b_p>
<env01c_p>50.0</env01c_p>
<sec01_p>50.0</sec01_p>
<nat01a_l>25.0</nat01a_l>
<nat01b_l>10.0</nat01b_l>
<nat01c_l>60.0</nat01c_l>
<life01a_l>50.0</life01a_l>
<life01b_l>25.0</life01b_l>
<hea01a_l>60.0</hea01a_l>
<hea01b_l>25.0</hea01b_l>
<hea01c_l>25.0</hea01c_l>
<hea01d_l>25.0</hea01d_l>
<cri01a_l>40.0</cri01a_l>
<cri01b_l>10.0</cri01b_l>
<cri01c_l>10.0</cri01c_l>
<env01a_l>20.0</env01a_l>
<env01b_l>20.0</env01b_l>
<env01c_l>40.0</env01c_l>
<sec01_l>25.0</sec01_l>
</Row>
<Row>
<id>39.0</id>
<nat01a_p>70.0</nat01a_p>
<nat01b_p>25.0</nat01b_p>
<nat01c_p>50.0</nat01c_p>
<life01a_p>70.0</life01a_p>
<life01b_p>50.0</life01b_p>
<hea01a_p>70.0</hea01a_p>
<hea01b_p>50.0</hea01b_p>
<hea01c_p>60.0</hea01c_p>
<hea01d_p>25.0</hea01d_p>
<cri01a_p>30.0</cri01a_p>
<cri01b_p>40.0</cri01b_p>
<cri01c_p>70.0</cri01c_p>
<env01a_p>65.0</env01a_p>
<env01b_p>50.0</env01b_p>
<env01c_p>40.0</env01c_p>
<sec01_p>20.0</sec01_p>
<nat01a_l>50.0</nat01a_l>
<nat01b_l>10.0</nat01b_l>
<nat01c_l>30.0</nat01c_l>
<life01a_l>50.0</life01a_l>
<life01b_l>40.0</life01b_l>
<hea01a_l>50.0</hea01a_l>
<hea01b_l>45.0</hea01b_l>
<hea01c_l>30.0</hea01c_l>
<hea01d_l>20.0</hea01d_l>
<cri01a_l>20.0</cri01a_l>
<cri01b_l>20.0</cri01b_l>
<cri01c_l>40.0</cri01c_l>
<env01a_l>30.0</env01a_l>
<env01b_l>40.0</env01b_l>
<env01c_l>10.0</env01c_l>
<sec01_l>10.0</sec01_l>
</Row>
<Row>
<id>40.0</id>
<nat01a_p>75.0</nat01a_p>
<nat01b_p>25.0</nat01b_p>
<nat01c_p>50.0</nat01c_p>
<life01a_p>50.0</life01a_p>
<life01b_p>50.0</life01b_p>
<hea01a_p>75.0</hea01a_p>
<hea01b_p>75.0</hea01b_p>
<hea01c_p>25.0</hea01c_p>
<hea01d_p>25.0</hea01d_p>
<cri01a_p>25.0</cri01a_p>
<cri01b_p>25.0</cri01b_p>
<cri01c_p>50.0</cri01c_p>
<env01a_p>50.0</env01a_p>
<env01b_p>25.0</env01b_p>
<env01c_p>25.0</env01c_p>
<sec01_p>50.0</sec01_p>
<nat01a_l>50.0</nat01a_l>
<nat01b_l>50.0</nat01b_l>
<nat01c_l>50.0</nat01c_l>
<life01a_l>75.0</life01a_l>
<life01b_l>75.0</life01b_l>
<hea01a_l>50.0</hea01a_l>
<hea01b_l>25.0</hea01b_l>
<hea01c_l>50.0</hea01c_l>
<hea01d_l>50.0</hea01d_l>
<cri01a_l>50.0</cri01a_l>
<cri01b_l>50.0</cri01b_l>
<cri01c_l>25.0</cri01c_l>
<env01a_l>50.0</env01a_l>
<env01b_l>50.0</env01b_l>
<env01c_l>50.0</env01c_l>
<sec01_l>50.0</sec01_l>
</Row>
<Row>
<id>41.0</id>
<nat01a_p/>
<nat01b_p/>
<nat01c_p/>
<life01a_p/>
<life01b_p/>
<hea01a_p/>
<hea01b_p/>
<hea01c_p/>
<hea01d_p/>
<cri01a_p/>
<cri01b_p/>
<cri01c_p/>
<env01a_p/>
<env01b_p/>
<env01c_p/>
<sec01_p/>
<nat01a_l/>
<nat01b_l/>
<nat01c_l/>
<life01a_l/>
<life01b_l/>
<hea01a_l/>
<hea01b_l/>
<hea01c_l/>
<hea01d_l/>
<cri01a_l/>
<cri01b_l/>
<cri01c_l/>
<env01a_l/>
<env01b_l/>
<env01c_l/>
<sec01_l/>
</Row>
<Row>
<id>42.0</id>
<nat01a_p>50.0</nat01a_p>
<nat01b_p>25.0</nat01b_p>
<nat01c_p>50.0</nat01c_p>
<life01a_p>75.0</life01a_p>
<life01b_p>75.0</life01b_p>
<hea01a_p>75.0</hea01a_p>
<hea01b_p>50.0</hea01b_p>
<hea01c_p>75.0</hea01c_p>
<hea01d_p>0.0</hea01d_p>
<cri01a_p>25.0</cri01a_p>
<cri01b_p>25.0</cri01b_p>
<cri01c_p>75.0</cri01c_p>
<env01a_p>50.0</env01a_p>
<env01b_p>50.0</env01b_p>
<env01c_p>25.0</env01c_p>
<sec01_p>50.0</sec01_p>
<nat01a_l>75.0</nat01a_l>
<nat01b_l>50.0</nat01b_l>
<nat01c_l>50.0</nat01c_l>
<life01a_l>75.0</life01a_l>
<life01b_l>50.0</life01b_l>
<hea01a_l>75.0</hea01a_l>
<hea01b_l>75.0</hea01b_l>
<hea01c_l>75.0</hea01c_l>
<hea01d_l>75.0</hea01d_l>
<cri01a_l>75.0</cri01a_l>
<cri01b_l>75.0</cri01b_l>
<cri01c_l>50.0</cri01c_l>
<env01a_l>50.0</env01a_l>
<env01b_l>50.0</env01b_l>
<env01c_l>100.0</env01c_l>
<sec01_l>50.0</sec01_l>
</Row>
<Row>
<id>43.0</id>
<nat01a_p>100.0</nat01a_p>
<nat01b_p>50.0</nat01b_p>
<nat01c_p>100.0</nat01c_p>
<life01a_p>100.0</life01a_p>
<life01b_p>100.0</life01b_p>
<hea01a_p>100.0</hea01a_p>
<hea01b_p>100.0</hea01b_p>
<hea01c_p>100.0</hea01c_p>
<hea01d_p>50.0</hea01d_p>
<cri01a_p>100.0</cri01a_p>
<cri01b_p>75.0</cri01b_p>
<cri01c_p>100.0</cri01c_p>
<env01a_p>100.0</env01a_p>
<env01b_p>75.0</env01b_p>
<env01c_p>50.0</env01c_p>
<sec01_p>75.0</sec01_p>
<nat01a_l>50.0</nat01a_l>
<nat01b_l>0.0</nat01b_l>
<nat01c_l>50.0</nat01c_l>
<life01a_l>75.0</life01a_l>
<life01b_l>75.0</life01b_l>
<hea01a_l>75.0</hea01a_l>
<hea01b_l>25.0</hea01b_l>
<hea01c_l>50.0</hea01c_l>
<hea01d_l>50.0</hea01d_l>
<cri01a_l>75.0</cri01a_l>
<cri01b_l>50.0</cri01b_l>
<cri01c_l>75.0</cri01c_l>
<env01a_l>50.0</env01a_l>
<env01b_l>25.0</env01b_l>
<env01c_l>75.0</env01c_l>
<sec01_l>50.0</sec01_l>
</Row>
<Row>
<id>44.0</id>
<nat01a_p>40.0</nat01a_p>
<nat01b_p>20.0</nat01b_p>
<nat01c_p>40.0</nat01c_p>
<life01a_p>50.0</life01a_p>
<life01b_p>50.0</life01b_p>
<hea01a_p>60.0</hea01a_p>
<hea01b_p>60.0</hea01b_p>
<hea01c_p>60.0</hea01c_p>
<hea01d_p>20.0</hea01d_p>
<cri01a_p>50.0</cri01a_p>
<cri01b_p>50.0</cri01b_p>
<cri01c_p>60.0</cri01c_p>
<env01a_p>60.0</env01a_p>
<env01b_p>40.0</env01b_p>
<env01c_p>30.0</env01c_p>
<sec01_p>50.0</sec01_p>
<nat01a_l>80.0</nat01a_l>
<nat01b_l>30.0</nat01b_l>
<nat01c_l>80.0</nat01c_l>
<life01a_l>70.0</life01a_l>
<life01b_l>70.0</life01b_l>
<hea01a_l>50.0</hea01a_l>
<hea01b_l>50.0</hea01b_l>
<hea01c_l>50.0</hea01c_l>
<hea01d_l>40.0</hea01d_l>
<cri01a_l>50.0</cri01a_l>
<cri01b_l>50.0</cri01b_l>
<cri01c_l>30.0</cri01c_l>
<env01a_l>30.0</env01a_l>
<env01b_l>30.0</env01b_l>
<env01c_l>30.0</env01c_l>
<sec01_l>30.0</sec01_l>
</Row>
<Row>
<id>45.0</id>
<nat01a_p>90.0</nat01a_p>
<nat01b_p>20.0</nat01b_p>
<nat01c_p>25.0</nat01c_p>
<life01a_p>90.0</life01a_p>
<life01b_p>50.0</life01b_p>
<hea01a_p>75.0</hea01a_p>
<hea01b_p>50.0</hea01b_p>
<hea01c_p>50.0</hea01c_p>
<hea01d_p>0.0</hea01d_p>
<cri01a_p>10.0</cri01a_p>
<cri01b_p>10.0</cri01b_p>
<cri01c_p>75.0</cri01c_p>
<env01a_p>75.0</env01a_p>
<env01b_p>50.0</env01b_p>
<env01c_p>50.0</env01c_p>
<sec01_p>60.0</sec01_p>
<nat01a_l>75.0</nat01a_l>
<nat01b_l>75.0</nat01b_l>
<nat01c_l>75.0</nat01c_l>
<life01a_l>25.0</life01a_l>
<life01b_l>70.0</life01b_l>
<hea01a_l>25.0</hea01a_l>
<hea01b_l>25.0</hea01b_l>
<hea01c_l>75.0</hea01c_l>
<hea01d_l>75.0</hea01d_l>
<cri01a_l>25.0</cri01a_l>
<cri01b_l>0.0</cri01b_l>
<cri01c_l>0.0</cri01c_l>
<env01a_l>60.0</env01a_l>
<env01b_l>25.0</env01b_l>
<env01c_l>50.0</env01c_l>
<sec01_l>35.0</sec01_l>
</Row>
<Row>
<id>46.0</id>
<nat01a_p>95.0</nat01a_p>
<nat01b_p>20.0</nat01b_p>
<nat01c_p>95.0</nat01c_p>
<life01a_p>90.0</life01a_p>
<life01b_p>80.0</life01b_p>
<hea01a_p>60.0</hea01a_p>
<hea01b_p>40.0</hea01b_p>
<hea01c_p>30.0</hea01c_p>
<hea01d_p>10.0</hea01d_p>
<cri01a_p>60.0</cri01a_p>
<cri01b_p>30.0</cri01b_p>
<cri01c_p>50.0</cri01c_p>
<env01a_p>90.0</env01a_p>
<env01b_p>90.0</env01b_p>
<env01c_p>10.0</env01c_p>
<sec01_p>40.0</sec01_p>
<nat01a_l>60.0</nat01a_l>
<nat01b_l>10.0</nat01b_l>
<nat01c_l>60.0</nat01c_l>
<life01a_l>70.0</life01a_l>
<life01b_l>50.0</life01b_l>
<hea01a_l>50.0</hea01a_l>
<hea01b_l>30.0</hea01b_l>
<hea01c_l>20.0</hea01c_l>
<hea01d_l>10.0</hea01d_l>
<cri01a_l>50.0</cri01a_l>
<cri01b_l>10.0</cri01b_l>
<cri01c_l>30.0</cri01c_l>
<env01a_l>20.0</env01a_l>
<env01b_l>30.0</env01b_l>
<env01c_l>5.0</env01c_l>
<sec01_l>10.0</sec01_l>
</Row>
<Row>
<id>47.0</id>
<nat01a_p>85.0</nat01a_p>
<nat01b_p>10.0</nat01b_p>
<nat01c_p>60.0</nat01c_p>
<life01a_p>85.0</life01a_p>
<life01b_p>85.0</life01b_p>
<hea01a_p>75.0</hea01a_p>
<hea01b_p>35.0</hea01b_p>
<hea01c_p>85.0</hea01c_p>
<hea01d_p>75.0</hea01d_p>
<cri01a_p>60.0</cri01a_p>
<cri01b_p>75.0</cri01b_p>
<cri01c_p>75.0</cri01c_p>
<env01a_p>50.0</env01a_p>
<env01b_p>50.0</env01b_p>
<env01c_p>10.0</env01c_p>
<sec01_p>25.0</sec01_p>
<nat01a_l>50.0</nat01a_l>
<nat01b_l>10.0</nat01b_l>
<nat01c_l>50.0</nat01c_l>
<life01a_l>35.0</life01a_l>
<life01b_l>10.0</life01b_l>
<hea01a_l>50.0</hea01a_l>
<hea01b_l>25.0</hea01b_l>
<hea01c_l>10.0</hea01c_l>
<hea01d_l>10.0</hea01d_l>
<cri01a_l>25.0</cri01a_l>
<cri01b_l>10.0</cri01b_l>
<cri01c_l>10.0</cri01c_l>
<env01a_l>25.0</env01a_l>
<env01b_l>10.0</env01b_l>
<env01c_l>50.0</env01c_l>
<sec01_l>25.0</sec01_l>
</Row>
<Row>
<id>48.0</id>
<nat01a_p>75.0</nat01a_p>
<nat01b_p>75.0</nat01b_p>
<nat01c_p>50.0</nat01c_p>
<life01a_p>50.0</life01a_p>
<life01b_p>70.0</life01b_p>
<hea01a_p>50.0</hea01a_p>
<hea01b_p>75.0</hea01b_p>
<hea01c_p>50.0</hea01c_p>
<hea01d_p>60.0</hea01d_p>
<cri01a_p>75.0</cri01a_p>
<cri01b_p>75.0</cri01b_p>
<cri01c_p>80.0</cri01c_p>
<env01a_p>50.0</env01a_p>
<env01b_p>80.0</env01b_p>
<env01c_p>80.0</env01c_p>
<sec01_p>80.0</sec01_p>
<nat01a_l>50.0</nat01a_l>
<nat01b_l>50.0</nat01b_l>
<nat01c_l>50.0</nat01c_l>
<life01a_l>50.0</life01a_l>
<life01b_l>60.0</life01b_l>
<hea01a_l>50.0</hea01a_l>
<hea01b_l>40.0</hea01b_l>
<hea01c_l>50.0</hea01c_l>
<hea01d_l>55.0</hea01d_l>
<cri01a_l>50.0</cri01a_l>
<cri01b_l>50.0</cri01b_l>
<cri01c_l>60.0</cri01c_l>
<env01a_l>60.0</env01a_l>
<env01b_l>40.0</env01b_l>
<env01c_l>40.0</env01c_l>
<sec01_l>70.0</sec01_l>
</Row>
<Row>
<id>49.0</id>
<nat01a_p>75.0</nat01a_p>
<nat01b_p>50.0</nat01b_p>
<nat01c_p>100.0</nat01c_p>
<life01a_p>75.0</life01a_p>
<life01b_p>75.0</life01b_p>
<hea01a_p>75.0</hea01a_p>
<hea01b_p>90.0</hea01b_p>
<hea01c_p>50.0</hea01c_p>
<hea01d_p>30.0</hea01d_p>
<cri01a_p>75.0</cri01a_p>
<cri01b_p>75.0</cri01b_p>
<cri01c_p>90.0</cri01c_p>
<env01a_p>75.0</env01a_p>
<env01b_p>75.0</env01b_p>
<env01c_p>75.0</env01c_p>
<sec01_p>90.0</sec01_p>
<nat01a_l>50.0</nat01a_l>
<nat01b_l>20.0</nat01b_l>
<nat01c_l>50.0</nat01c_l>
<life01a_l>30.0</life01a_l>
<life01b_l>20.0</life01b_l>
<hea01a_l>50.0</hea01a_l>
<hea01b_l>30.0</hea01b_l>
<hea01c_l>30.0</hea01c_l>
<hea01d_l>50.0</hea01d_l>
<cri01a_l>50.0</cri01a_l>
<cri01b_l>50.0</cri01b_l>
<cri01c_l>50.0</cri01c_l>
<env01a_l>20.0</env01a_l>
<env01b_l>30.0</env01b_l>
<env01c_l>50.0</env01c_l>
<sec01_l>30.0</sec01_l>
</Row>
<Row>
<id>50.0</id>
<nat01a_p>75.0</nat01a_p>
<nat01b_p>25.0</nat01b_p>
<nat01c_p>75.0</nat01c_p>
<life01a_p>100.0</life01a_p>
<life01b_p>75.0</life01b_p>
<hea01a_p>100.0</hea01a_p>
<hea01b_p>50.0</hea01b_p>
<hea01c_p>75.0</hea01c_p>
<hea01d_p>25.0</hea01d_p>
<cri01a_p>25.0</cri01a_p>
<cri01b_p>50.0</cri01b_p>
<cri01c_p>100.0</cri01c_p>
<env01a_p>50.0</env01a_p>
<env01b_p>25.0</env01b_p>
<env01c_p>75.0</env01c_p>
<sec01_p>25.0</sec01_p>
<nat01a_l>75.0</nat01a_l>
<nat01b_l>0.0</nat01b_l>
<nat01c_l>50.0</nat01c_l>
<life01a_l>50.0</life01a_l>
<life01b_l>25.0</life01b_l>
<hea01a_l>50.0</hea01a_l>
<hea01b_l>0.0</hea01b_l>
<hea01c_l>25.0</hea01c_l>
<hea01d_l>25.0</hea01d_l>
<cri01a_l>25.0</cri01a_l>
<cri01b_l>25.0</cri01b_l>
<cri01c_l>50.0</cri01c_l>
<env01a_l>0.0</env01a_l>
<env01b_l>0.0</env01b_l>
<env01c_l>25.0</env01c_l>
<sec01_l>25.0</sec01_l>
</Row>
<Row>
<id>51.0</id>
<nat01a_p/>
<nat01b_p/>
<nat01c_p/>
<life01a_p/>
<life01b_p/>
<hea01a_p/>
<hea01b_p/>
<hea01c_p/>
<hea01d_p/>
<cri01a_p/>
<cri01b_p/>
<cri01c_p/>
<env01a_p/>
<env01b_p/>
<env01c_p/>
<sec01_p/>
<nat01a_l/>
<nat01b_l/>
<nat01c_l/>
<life01a_l/>
<life01b_l/>
<hea01a_l/>
<hea01b_l/>
<hea01c_l/>
<hea01d_l/>
<cri01a_l/>
<cri01b_l/>
<cri01c_l/>
<env01a_l/>
<env01b_l/>
<env01c_l/>
<sec01_l/>
</Row>
<Row>
<id>52.0</id>
<nat01a_p>70.0</nat01a_p>
<nat01b_p>50.0</nat01b_p>
<nat01c_p>70.0</nat01c_p>
<life01a_p>60.0</life01a_p>
<life01b_p>60.0</life01b_p>
<hea01a_p>50.0</hea01a_p>
<hea01b_p>50.0</hea01b_p>
<hea01c_p>30.0</hea01c_p>
<hea01d_p>20.0</hea01d_p>
<cri01a_p>50.0</cri01a_p>
<cri01b_p>50.0</cri01b_p>
<cri01c_p>70.0</cri01c_p>
<env01a_p>60.0</env01a_p>
<env01b_p>50.0</env01b_p>
<env01c_p>40.0</env01c_p>
<sec01_p>40.0</sec01_p>
<nat01a_l>60.0</nat01a_l>
<nat01b_l>50.0</nat01b_l>
<nat01c_l>60.0</nat01c_l>
<life01a_l>60.0</life01a_l>
<life01b_l>60.0</life01b_l>
<hea01a_l>70.0</hea01a_l>
<hea01b_l>70.0</hea01b_l>
<hea01c_l>50.0</hea01c_l>
<hea01d_l>50.0</hea01d_l>
<cri01a_l>50.0</cri01a_l>
<cri01b_l>50.0</cri01b_l>
<cri01c_l>60.0</cri01c_l>
<env01a_l>60.0</env01a_l>
<env01b_l>50.0</env01b_l>
<env01c_l>50.0</env01c_l>
<sec01_l>50.0</sec01_l>
</Row>
<Row>
<id>53.0</id>
<nat01a_p>80.0</nat01a_p>
<nat01b_p>75.0</nat01b_p>
<nat01c_p>90.0</nat01c_p>
<life01a_p>95.0</life01a_p>
<life01b_p>80.0</life01b_p>
<hea01a_p>95.0</hea01a_p>
<hea01b_p>90.0</hea01b_p>
<hea01c_p>87.0</hea01c_p>
<hea01d_p>50.0</hea01d_p>
<cri01a_p>99.0</cri01a_p>
<cri01b_p>99.0</cri01b_p>
<cri01c_p>99.0</cri01c_p>
<env01a_p>89.0</env01a_p>
<env01b_p>54.0</env01b_p>
<env01c_p>50.0</env01c_p>
<sec01_p>86.0</sec01_p>
<nat01a_l>75.0</nat01a_l>
<nat01b_l>30.0</nat01b_l>
<nat01c_l>75.0</nat01c_l>
<life01a_l>60.0</life01a_l>
<life01b_l>65.0</life01b_l>
<hea01a_l>80.0</hea01a_l>
<hea01b_l>80.0</hea01b_l>
<hea01c_l>80.0</hea01c_l>
<hea01d_l>30.0</hea01d_l>
<cri01a_l>90.0</cri01a_l>
<cri01b_l>90.0</cri01b_l>
<cri01c_l>90.0</cri01c_l>
<env01a_l>76.0</env01a_l>
<env01b_l>53.0</env01b_l>
<env01c_l>45.0</env01c_l>
<sec01_l>80.0</sec01_l>
</Row>
<Row>
<id>54.0</id>
<nat01a_p>75.0</nat01a_p>
<nat01b_p>40.0</nat01b_p>
<nat01c_p>70.0</nat01c_p>
<life01a_p>85.0</life01a_p>
<life01b_p>80.0</life01b_p>
<hea01a_p>75.0</hea01a_p>
<hea01b_p>70.0</hea01b_p>
<hea01c_p>75.0</hea01c_p>
<hea01d_p>65.0</hea01d_p>
<cri01a_p>70.0</cri01a_p>
<cri01b_p>70.0</cri01b_p>
<cri01c_p>80.0</cri01c_p>
<env01a_p>75.0</env01a_p>
<env01b_p>65.0</env01b_p>
<env01c_p>50.0</env01c_p>
<sec01_p>45.0</sec01_p>
<nat01a_l>60.0</nat01a_l>
<nat01b_l>30.0</nat01b_l>
<nat01c_l>60.0</nat01c_l>
<life01a_l>60.0</life01a_l>
<life01b_l>60.0</life01b_l>
<hea01a_l>50.0</hea01a_l>
<hea01b_l>50.0</hea01b_l>
<hea01c_l>50.0</hea01c_l>
<hea01d_l>30.0</hea01d_l>
<cri01a_l>40.0</cri01a_l>
<cri01b_l>40.0</cri01b_l>
<cri01c_l>40.0</cri01c_l>
<env01a_l>35.0</env01a_l>
<env01b_l>50.0</env01b_l>
<env01c_l>50.0</env01c_l>
<sec01_l>50.0</sec01_l>
</Row>
</root>
