<?xml version="1.0" encoding="UTF-8"?>
<root>
<header>
<header>Q1</header>
<header>Q2</header>
<header>Q3</header>
<header>Q4</header>
<header>Q5</header>
<header>Q6</header>
<header>Q7.1</header>
<header>Q7.2</header>
<header>Q7.3</header>
<header>Q7.4</header>
<header>Q7.5</header>
<header>Q7.6</header>
<header>Q7.7</header>
<header>Q8</header>
<header>Q9.1</header>
<header>Q9.2</header>
<header>Q9.3</header>
<header>Q9.4</header>
<header>Q9.5</header>
<header>Q9.6</header>
<header>Q9.7</header>
<header>Q10</header>
<header>Q11.1</header>
<header>Q11.2</header>
<header>Q11.3</header>
<header>Q11.4</header>
<header>Q11.5</header>
<header>Q12</header>
</header>
<Row>
<Q1>4.0</Q1>
<Q2>7.0</Q2>
<Q3>4.0</Q3>
<Q4>2.0</Q4>
<Q5>1.0</Q5>
<Q6>5.0</Q6>
<Q7.1>5.0</Q7.1>
<Q7.2>5.0</Q7.2>
<Q7.3>5.0</Q7.3>
<Q7.4>5.0</Q7.4>
<Q7.5>5.0</Q7.5>
<Q7.6>5.0</Q7.6>
<Q7.7>5.0</Q7.7>
<Q8>1.0</Q8>
<Q9.1>2.0</Q9.1>
<Q9.2>2.0</Q9.2>
<Q9.3>1.0</Q9.3>
<Q9.4>1.0</Q9.4>
<Q9.5>2.0</Q9.5>
<Q9.6>5.0</Q9.6>
<Q9.7>1.0</Q9.7>
<Q10>5.0</Q10>
<Q11.1>3.0</Q11.1>
<Q11.2>4.0</Q11.2>
<Q11.3>3.0</Q11.3>
<Q11.4>2.0</Q11.4>
<Q11.5>3.0</Q11.5>
<Q12>4.0</Q12>
</Row>
<Row>
<Q1>4.0</Q1>
<Q2>6.0</Q2>
<Q3>4.0</Q3>
<Q4>2.0</Q4>
<Q5>1.0</Q5>
<Q6>4.0</Q6>
<Q7.1>5.0</Q7.1>
<Q7.2>5.0</Q7.2>
<Q7.3>5.0</Q7.3>
<Q7.4>5.0</Q7.4>
<Q7.5>5.0</Q7.5>
<Q7.6>5.0</Q7.6>
<Q7.7>5.0</Q7.7>
<Q8>1.0</Q8>
<Q9.1>4.0</Q9.1>
<Q9.2>4.0</Q9.2>
<Q9.3>1.0</Q9.3>
<Q9.4>1.0</Q9.4>
<Q9.5>1.0</Q9.5>
<Q9.6>4.0</Q9.6>
<Q9.7>2.0</Q9.7>
<Q10>4.0</Q10>
<Q11.1>3.0</Q11.1>
<Q11.2>4.0</Q11.2>
<Q11.3>3.0</Q11.3>
<Q11.4>5.0</Q11.4>
<Q11.5>4.0</Q11.5>
<Q12>3.0</Q12>
</Row>
<Row>
<Q1>4.0</Q1>
<Q2>7.0</Q2>
<Q3>3.0</Q3>
<Q4>1.0</Q4>
<Q5>2.0</Q5>
<Q6>4.0</Q6>
<Q7.1>5.0</Q7.1>
<Q7.2>4.0</Q7.2>
<Q7.3>5.0</Q7.3>
<Q7.4>4.0</Q7.4>
<Q7.5>4.0</Q7.5>
<Q7.6>5.0</Q7.6>
<Q7.7>4.0</Q7.7>
<Q8>4.0</Q8>
<Q9.1>2.0</Q9.1>
<Q9.2>3.0</Q9.2>
<Q9.3>4.0</Q9.3>
<Q9.4>4.0</Q9.4>
<Q9.5>4.0</Q9.5>
<Q9.6>4.0</Q9.6>
<Q9.7>4.0</Q9.7>
<Q10>3.0</Q10>
<Q11.1>3.0</Q11.1>
<Q11.2>4.0</Q11.2>
<Q11.3>3.0</Q11.3>
<Q11.4>4.0</Q11.4>
<Q11.5>3.0</Q11.5>
<Q12>3.0</Q12>
</Row>
<Row>
<Q1>3.0</Q1>
<Q2>7.0</Q2>
<Q3>4.0</Q3>
<Q4>3.0</Q4>
<Q5>2.0</Q5>
<Q6>4.0</Q6>
<Q7.1>5.0</Q7.1>
<Q7.2>3.0</Q7.2>
<Q7.3>5.0</Q7.3>
<Q7.4>3.0</Q7.4>
<Q7.5>4.0</Q7.5>
<Q7.6>5.0</Q7.6>
<Q7.7>4.0</Q7.7>
<Q8>6.0</Q8>
<Q9.1>3.0</Q9.1>
<Q9.2>2.0</Q9.2>
<Q9.3>2.0</Q9.3>
<Q9.4>2.0</Q9.4>
<Q9.5>2.0</Q9.5>
<Q9.6>4.0</Q9.6>
<Q9.7>2.0</Q9.7>
<Q10>1.0</Q10>
<Q11.1>2.0</Q11.1>
<Q11.2>4.0</Q11.2>
<Q11.3>3.0</Q11.3>
<Q11.4>3.0</Q11.4>
<Q11.5>3.0</Q11.5>
<Q12>3.0</Q12>
</Row>
<Row>
<Q1>4.0</Q1>
<Q2>7.0</Q2>
<Q3>3.0</Q3>
<Q4>3.0</Q4>
<Q5>1.0</Q5>
<Q6>4.0</Q6>
<Q7.1>4.0</Q7.1>
<Q7.2>5.0</Q7.2>
<Q7.3>5.0</Q7.3>
<Q7.4>5.0</Q7.4>
<Q7.5>5.0</Q7.5>
<Q7.6>5.0</Q7.6>
<Q7.7>5.0</Q7.7>
<Q8>6.0</Q8>
<Q9.1>3.0</Q9.1>
<Q9.2>3.0</Q9.2>
<Q9.3>2.0</Q9.3>
<Q9.4>1.0</Q9.4>
<Q9.5>3.0</Q9.5>
<Q9.6>4.0</Q9.6>
<Q9.7>2.0</Q9.7>
<Q10>4.0</Q10>
<Q11.1>3.0</Q11.1>
<Q11.2>3.0</Q11.2>
<Q11.3>3.0</Q11.3>
<Q11.4>4.0</Q11.4>
<Q11.5>2.0</Q11.5>
<Q12>2.0</Q12>
</Row>
<Row>
<Q1>5.0</Q1>
<Q2>7.0</Q2>
<Q3>3.0</Q3>
<Q4>4.0</Q4>
<Q5>3.0</Q5>
<Q6>2.0</Q6>
<Q7.1>5.0</Q7.1>
<Q7.2>3.0</Q7.2>
<Q7.3>5.0</Q7.3>
<Q7.4>5.0</Q7.4>
<Q7.5>5.0</Q7.5>
<Q7.6>5.0</Q7.6>
<Q7.7>5.0</Q7.7>
<Q8>1.0</Q8>
<Q9.1>3.0</Q9.1>
<Q9.2>4.0</Q9.2>
<Q9.3>2.0</Q9.3>
<Q9.4>2.0</Q9.4>
<Q9.5>2.0</Q9.5>
<Q9.6>1.0</Q9.6>
<Q9.7>5.0</Q9.7>
<Q10>5.0</Q10>
<Q11.1>4.0</Q11.1>
<Q11.2>4.0</Q11.2>
<Q11.3>4.0</Q11.3>
<Q11.4>2.0</Q11.4>
<Q11.5>4.0</Q11.5>
<Q12>3.0</Q12>
</Row>
<Row>
<Q1>5.0</Q1>
<Q2>1.0</Q2>
<Q3>5.0</Q3>
<Q4>4.0</Q4>
<Q5>3.0</Q5>
<Q6>2.0</Q6>
<Q7.1>3.0</Q7.1>
<Q7.2>3.0</Q7.2>
<Q7.3>3.0</Q7.3>
<Q7.4>3.0</Q7.4>
<Q7.5>2.0</Q7.5>
<Q7.6>4.0</Q7.6>
<Q7.7>4.0</Q7.7>
<Q8>6.0</Q8>
<Q9.1>2.0</Q9.1>
<Q9.2>4.0</Q9.2>
<Q9.3>3.0</Q9.3>
<Q9.4>2.0</Q9.4>
<Q9.5>2.0</Q9.5>
<Q9.6>4.0</Q9.6>
<Q9.7>2.0</Q9.7>
<Q10>2.0</Q10>
<Q11.1>3.0</Q11.1>
<Q11.2>2.0</Q11.2>
<Q11.3>1.0</Q11.3>
<Q11.4>2.0</Q11.4>
<Q11.5>3.0</Q11.5>
<Q12>3.0</Q12>
</Row>
<Row>
<Q1>4.0</Q1>
<Q2>9.0</Q2>
<Q3>3.0</Q3>
<Q4>4.0</Q4>
<Q5>2.0</Q5>
<Q6>4.0</Q6>
<Q7.1>4.0</Q7.1>
<Q7.2>4.0</Q7.2>
<Q7.3>3.0</Q7.3>
<Q7.4>5.0</Q7.4>
<Q7.5>4.0</Q7.5>
<Q7.6>4.0</Q7.6>
<Q7.7>5.0</Q7.7>
<Q8>4.0</Q8>
<Q9.1>3.0</Q9.1>
<Q9.2>2.0</Q9.2>
<Q9.3>2.0</Q9.3>
<Q9.4>3.0</Q9.4>
<Q9.5>1.0</Q9.5>
<Q9.6>2.0</Q9.6>
<Q9.7>1.0</Q9.7>
<Q10>2.0</Q10>
<Q11.1>2.0</Q11.1>
<Q11.2>2.0</Q11.2>
<Q11.3>1.0</Q11.3>
<Q11.4>3.0</Q11.4>
<Q11.5>3.0</Q11.5>
<Q12>2.0</Q12>
</Row>
<Row>
<Q1>5.0</Q1>
<Q2>7.0</Q2>
<Q3>4.0</Q3>
<Q4>3.0</Q4>
<Q5>2.0</Q5>
<Q6>4.0</Q6>
<Q7.1>4.0</Q7.1>
<Q7.2>4.0</Q7.2>
<Q7.3>4.0</Q7.3>
<Q7.4>4.0</Q7.4>
<Q7.5>4.0</Q7.5>
<Q7.6>4.0</Q7.6>
<Q7.7>4.0</Q7.7>
<Q8>3.0</Q8>
<Q9.1>3.0</Q9.1>
<Q9.2>4.0</Q9.2>
<Q9.3>3.0</Q9.3>
<Q9.4>2.0</Q9.4>
<Q9.5>2.0</Q9.5>
<Q9.6>4.0</Q9.6>
<Q9.7>3.0</Q9.7>
<Q10>2.0</Q10>
<Q11.1>1.0</Q11.1>
<Q11.2>3.0</Q11.2>
<Q11.3>3.0</Q11.3>
<Q11.4>2.0</Q11.4>
<Q11.5>3.0</Q11.5>
<Q12>2.0</Q12>
</Row>
<Row>
<Q1>4.0</Q1>
<Q2>7.0</Q2>
<Q3>4.0</Q3>
<Q4>2.0</Q4>
<Q5>1.0</Q5>
<Q6>4.0</Q6>
<Q7.1>5.0</Q7.1>
<Q7.2>5.0</Q7.2>
<Q7.3>4.0</Q7.3>
<Q7.4>4.0</Q7.4>
<Q7.5>4.0</Q7.5>
<Q7.6>4.0</Q7.6>
<Q7.7>5.0</Q7.7>
<Q8>3.0</Q8>
<Q9.1>3.0</Q9.1>
<Q9.2>4.0</Q9.2>
<Q9.3>2.0</Q9.3>
<Q9.4>3.0</Q9.4>
<Q9.5>2.0</Q9.5>
<Q9.6>2.0</Q9.6>
<Q9.7>4.0</Q9.7>
<Q10>3.0</Q10>
<Q11.1>3.0</Q11.1>
<Q11.2>4.0</Q11.2>
<Q11.3>4.0</Q11.3>
<Q11.4>4.0</Q11.4>
<Q11.5>3.0</Q11.5>
<Q12>3.0</Q12>
</Row>
<Row>
<Q1>4.0</Q1>
<Q2>1.0</Q2>
<Q3>4.0</Q3>
<Q4>5.0</Q4>
<Q5>1.0</Q5>
<Q6>4.0</Q6>
<Q7.1>5.0</Q7.1>
<Q7.2>5.0</Q7.2>
<Q7.3>5.0</Q7.3>
<Q7.4>5.0</Q7.4>
<Q7.5>5.0</Q7.5>
<Q7.6>5.0</Q7.6>
<Q7.7>5.0</Q7.7>
<Q8>6.0</Q8>
<Q9.1>2.0</Q9.1>
<Q9.2>1.0</Q9.2>
<Q9.3>1.0</Q9.3>
<Q9.4>1.0</Q9.4>
<Q9.5>1.0</Q9.5>
<Q9.6>4.0</Q9.6>
<Q9.7>2.0</Q9.7>
<Q10>1.0</Q10>
<Q11.1>3.0</Q11.1>
<Q11.2>3.0</Q11.2>
<Q11.3>3.0</Q11.3>
<Q11.4>2.0</Q11.4>
<Q11.5>3.0</Q11.5>
<Q12>3.0</Q12>
</Row>
<Row>
<Q1>4.0</Q1>
<Q2>1.0</Q2>
<Q3>4.0</Q3>
<Q4>2.0</Q4>
<Q5>0.0</Q5>
<Q6>5.0</Q6>
<Q7.1>5.0</Q7.1>
<Q7.2>5.0</Q7.2>
<Q7.3>5.0</Q7.3>
<Q7.4>5.0</Q7.4>
<Q7.5>5.0</Q7.5>
<Q7.6>4.0</Q7.6>
<Q7.7>5.0</Q7.7>
<Q8>3.0</Q8>
<Q9.1>2.0</Q9.1>
<Q9.2>2.0</Q9.2>
<Q9.3>1.0</Q9.3>
<Q9.4>2.0</Q9.4>
<Q9.5>2.0</Q9.5>
<Q9.6>4.0</Q9.6>
<Q9.7>2.0</Q9.7>
<Q10>4.0</Q10>
<Q11.1>3.0</Q11.1>
<Q11.2>3.0</Q11.2>
<Q11.3>3.0</Q11.3>
<Q11.4>4.0</Q11.4>
<Q11.5>2.0</Q11.5>
<Q12>2.0</Q12>
</Row>
<Row>
<Q1>4.0</Q1>
<Q2>1.0</Q2>
<Q3>2.0</Q3>
<Q4>2.0</Q4>
<Q5>2.0</Q5>
<Q6>3.0</Q6>
<Q7.1>2.0</Q7.1>
<Q7.2>2.0</Q7.2>
<Q7.3>4.0</Q7.3>
<Q7.4>4.0</Q7.4>
<Q7.5>3.0</Q7.5>
<Q7.6>4.0</Q7.6>
<Q7.7>4.0</Q7.7>
<Q8>4.0</Q8>
<Q9.1>4.0</Q9.1>
<Q9.2>4.0</Q9.2>
<Q9.3>5.0</Q9.3>
<Q9.4>5.0</Q9.4>
<Q9.5>5.0</Q9.5>
<Q9.6>2.0</Q9.6>
<Q9.7>2.0</Q9.7>
<Q10>2.0</Q10>
<Q11.1>4.0</Q11.1>
<Q11.2>4.0</Q11.2>
<Q11.3>3.0</Q11.3>
<Q11.4>4.0</Q11.4>
<Q11.5>2.0</Q11.5>
<Q12>3.0</Q12>
</Row>
<Row>
<Q1>4.0</Q1>
<Q2>8.0</Q2>
<Q3>4.0</Q3>
<Q4>5.0</Q4>
<Q5>1.0</Q5>
<Q6>2.0</Q6>
<Q7.1>5.0</Q7.1>
<Q7.2>5.0</Q7.2>
<Q7.3>5.0</Q7.3>
<Q7.4>5.0</Q7.4>
<Q7.5>4.0</Q7.5>
<Q7.6>5.0</Q7.6>
<Q7.7>5.0</Q7.7>
<Q8>1.0</Q8>
<Q9.1>5.0</Q9.1>
<Q9.2>4.0</Q9.2>
<Q9.3>2.0</Q9.3>
<Q9.4>2.0</Q9.4>
<Q9.5>1.0</Q9.5>
<Q9.6>3.0</Q9.6>
<Q9.7>2.0</Q9.7>
<Q10>2.0</Q10>
<Q11.1>1.0</Q11.1>
<Q11.2>2.0</Q11.2>
<Q11.3>4.0</Q11.3>
<Q11.4>4.0</Q11.4>
<Q11.5>4.0</Q11.5>
<Q12>4.0</Q12>
</Row>
<Row>
<Q1>4.0</Q1>
<Q2>7.0</Q2>
<Q3>3.0</Q3>
<Q4>1.0</Q4>
<Q5>5.0</Q5>
<Q6>4.0</Q6>
<Q7.1>5.0</Q7.1>
<Q7.2>5.0</Q7.2>
<Q7.3>5.0</Q7.3>
<Q7.4>5.0</Q7.4>
<Q7.5>5.0</Q7.5>
<Q7.6>5.0</Q7.6>
<Q7.7>5.0</Q7.7>
<Q8>0.0</Q8>
<Q9.1>2.0</Q9.1>
<Q9.2>3.0</Q9.2>
<Q9.3>1.0</Q9.3>
<Q9.4>1.0</Q9.4>
<Q9.5>1.0</Q9.5>
<Q9.6>5.0</Q9.6>
<Q9.7>2.0</Q9.7>
<Q10>4.0</Q10>
<Q11.1>3.0</Q11.1>
<Q11.2>3.0</Q11.2>
<Q11.3>4.0</Q11.3>
<Q11.4>2.0</Q11.4>
<Q11.5>4.0</Q11.5>
<Q12>3.0</Q12>
</Row>
<Row>
<Q1>5.0</Q1>
<Q2>6.0</Q2>
<Q3>4.0</Q3>
<Q4>2.0</Q4>
<Q5>1.0</Q5>
<Q6>2.0</Q6>
<Q7.1>4.0</Q7.1>
<Q7.2>4.0</Q7.2>
<Q7.3>4.0</Q7.3>
<Q7.4>4.0</Q7.4>
<Q7.5>4.0</Q7.5>
<Q7.6>4.0</Q7.6>
<Q7.7>4.0</Q7.7>
<Q8>3.0</Q8>
<Q9.1>2.0</Q9.1>
<Q9.2>3.0</Q9.2>
<Q9.3>1.0</Q9.3>
<Q9.4>2.0</Q9.4>
<Q9.5>1.0</Q9.5>
<Q9.6>3.0</Q9.6>
<Q9.7>4.0</Q9.7>
<Q10>4.0</Q10>
<Q11.1>3.0</Q11.1>
<Q11.2>4.0</Q11.2>
<Q11.3>4.0</Q11.3>
<Q11.4>4.0</Q11.4>
<Q11.5>3.0</Q11.5>
<Q12>3.0</Q12>
</Row>
<Row>
<Q1>4.0</Q1>
<Q2>8.0</Q2>
<Q3>4.0</Q3>
<Q4>2.0</Q4>
<Q5>2.0</Q5>
<Q6>4.0</Q6>
<Q7.1>3.0</Q7.1>
<Q7.2>4.0</Q7.2>
<Q7.3>4.0</Q7.3>
<Q7.4>4.0</Q7.4>
<Q7.5>4.0</Q7.5>
<Q7.6>4.0</Q7.6>
<Q7.7>2.0</Q7.7>
<Q8>1.0</Q8>
<Q9.1>2.0</Q9.1>
<Q9.2>4.0</Q9.2>
<Q9.3>4.0</Q9.3>
<Q9.4>2.0</Q9.4>
<Q9.5>2.0</Q9.5>
<Q9.6>4.0</Q9.6>
<Q9.7>4.0</Q9.7>
<Q10>4.0</Q10>
<Q11.1>3.0</Q11.1>
<Q11.2>3.0</Q11.2>
<Q11.3>3.0</Q11.3>
<Q11.4>4.0</Q11.4>
<Q11.5>3.0</Q11.5>
<Q12>3.0</Q12>
</Row>
<Row>
<Q1>4.0</Q1>
<Q2>6.0</Q2>
<Q3>5.0</Q3>
<Q4>2.0</Q4>
<Q5>3.0</Q5>
<Q6>2.0</Q6>
<Q7.1>3.0</Q7.1>
<Q7.2>3.0</Q7.2>
<Q7.3>3.0</Q7.3>
<Q7.4>3.0</Q7.4>
<Q7.5>3.0</Q7.5>
<Q7.6>4.0</Q7.6>
<Q7.7>4.0</Q7.7>
<Q8>4.0</Q8>
<Q9.1>4.0</Q9.1>
<Q9.2>4.0</Q9.2>
<Q9.3>4.0</Q9.3>
<Q9.4>4.0</Q9.4>
<Q9.5>2.0</Q9.5>
<Q9.6>4.0</Q9.6>
<Q9.7>4.0</Q9.7>
<Q10>2.0</Q10>
<Q11.1>3.0</Q11.1>
<Q11.2>3.0</Q11.2>
<Q11.3>3.0</Q11.3>
<Q11.4>3.0</Q11.4>
<Q11.5>4.0</Q11.5>
<Q12>4.0</Q12>
</Row>
<Row>
<Q1>5.0</Q1>
<Q2>10.0</Q2>
<Q3>3.0</Q3>
<Q4>2.0</Q4>
<Q5>1.0</Q5>
<Q6>5.0</Q6>
<Q7.1>4.0</Q7.1>
<Q7.2>5.0</Q7.2>
<Q7.3>5.0</Q7.3>
<Q7.4>5.0</Q7.4>
<Q7.5>5.0</Q7.5>
<Q7.6>5.0</Q7.6>
<Q7.7>5.0</Q7.7>
<Q8>3.0</Q8>
<Q9.1>1.0</Q9.1>
<Q9.2>4.0</Q9.2>
<Q9.3>4.0</Q9.3>
<Q9.4>3.0</Q9.4>
<Q9.5>2.0</Q9.5>
<Q9.6>4.0</Q9.6>
<Q9.7>2.0</Q9.7>
<Q10>2.0</Q10>
<Q11.1>4.0</Q11.1>
<Q11.2>3.0</Q11.2>
<Q11.3>3.0</Q11.3>
<Q11.4>4.0</Q11.4>
<Q11.5>4.0</Q11.5>
<Q12>1.0</Q12>
</Row>
<Row>
<Q1>4.0</Q1>
<Q2>7.0</Q2>
<Q3>1.0</Q3>
<Q4>3.0</Q4>
<Q5>1.0</Q5>
<Q6>4.0</Q6>
<Q7.1>4.0</Q7.1>
<Q7.2>4.0</Q7.2>
<Q7.3>4.0</Q7.3>
<Q7.4>4.0</Q7.4>
<Q7.5>4.0</Q7.5>
<Q7.6>4.0</Q7.6>
<Q7.7>4.0</Q7.7>
<Q8>6.0</Q8>
<Q9.1>3.0</Q9.1>
<Q9.2>3.0</Q9.2>
<Q9.3>2.0</Q9.3>
<Q9.4>2.0</Q9.4>
<Q9.5>2.0</Q9.5>
<Q9.6>2.0</Q9.6>
<Q9.7>2.0</Q9.7>
<Q10>4.0</Q10>
<Q11.1>3.0</Q11.1>
<Q11.2>3.0</Q11.2>
<Q11.3>3.0</Q11.3>
<Q11.4>4.0</Q11.4>
<Q11.5>4.0</Q11.5>
<Q12>3.0</Q12>
</Row>
<Row>
<Q1>4.0</Q1>
<Q2>1.0</Q2>
<Q3>3.0</Q3>
<Q4>3.0</Q4>
<Q5>2.0</Q5>
<Q6>4.0</Q6>
<Q7.1>4.0</Q7.1>
<Q7.2>4.0</Q7.2>
<Q7.3>3.0</Q7.3>
<Q7.4>5.0</Q7.4>
<Q7.5>4.0</Q7.5>
<Q7.6>4.0</Q7.6>
<Q7.7>4.0</Q7.7>
<Q8>1.0</Q8>
<Q9.1>2.0</Q9.1>
<Q9.2>2.0</Q9.2>
<Q9.3>1.0</Q9.3>
<Q9.4>1.0</Q9.4>
<Q9.5>2.0</Q9.5>
<Q9.6>4.0</Q9.6>
<Q9.7>1.0</Q9.7>
<Q10>2.0</Q10>
<Q11.1>3.0</Q11.1>
<Q11.2>3.0</Q11.2>
<Q11.3>2.0</Q11.3>
<Q11.4>2.0</Q11.4>
<Q11.5>2.0</Q11.5>
<Q12>2.0</Q12>
</Row>
<Row>
<Q1>4.0</Q1>
<Q2>8.0</Q2>
<Q3>4.0</Q3>
<Q4>5.0</Q4>
<Q5>2.0</Q5>
<Q6>3.0</Q6>
<Q7.1>4.0</Q7.1>
<Q7.2>4.0</Q7.2>
<Q7.3>5.0</Q7.3>
<Q7.4>4.0</Q7.4>
<Q7.5>4.0</Q7.5>
<Q7.6>4.0</Q7.6>
<Q7.7>4.0</Q7.7>
<Q8>3.0</Q8>
<Q9.1>3.0</Q9.1>
<Q9.2>4.0</Q9.2>
<Q9.3>2.0</Q9.3>
<Q9.4>2.0</Q9.4>
<Q9.5>3.0</Q9.5>
<Q9.6>3.0</Q9.6>
<Q9.7>2.0</Q9.7>
<Q10>2.0</Q10>
<Q11.1>2.0</Q11.1>
<Q11.2>2.0</Q11.2>
<Q11.3>2.0</Q11.3>
<Q11.4>4.0</Q11.4>
<Q11.5>2.0</Q11.5>
<Q12>2.0</Q12>
</Row>
<Row>
<Q1>4.0</Q1>
<Q2>6.0</Q2>
<Q3>4.0</Q3>
<Q4>2.0</Q4>
<Q5>1.0</Q5>
<Q6>4.0</Q6>
<Q7.1>4.0</Q7.1>
<Q7.2>4.0</Q7.2>
<Q7.3>5.0</Q7.3>
<Q7.4>4.0</Q7.4>
<Q7.5>4.0</Q7.5>
<Q7.6>4.0</Q7.6>
<Q7.7>4.0</Q7.7>
<Q8>1.0</Q8>
<Q9.1>1.0</Q9.1>
<Q9.2>3.0</Q9.2>
<Q9.3>1.0</Q9.3>
<Q9.4>3.0</Q9.4>
<Q9.5>2.0</Q9.5>
<Q9.6>3.0</Q9.6>
<Q9.7>2.0</Q9.7>
<Q10>4.0</Q10>
<Q11.1>3.0</Q11.1>
<Q11.2>3.0</Q11.2>
<Q11.3>3.0</Q11.3>
<Q11.4>3.0</Q11.4>
<Q11.5>4.0</Q11.5>
<Q12>1.0</Q12>
</Row>
<Row>
<Q1>4.0</Q1>
<Q2>1.0</Q2>
<Q3>3.0</Q3>
<Q4>1.0</Q4>
<Q5>1.0</Q5>
<Q6>2.0</Q6>
<Q7.1>5.0</Q7.1>
<Q7.2>5.0</Q7.2>
<Q7.3>5.0</Q7.3>
<Q7.4>5.0</Q7.4>
<Q7.5>5.0</Q7.5>
<Q7.6>5.0</Q7.6>
<Q7.7>5.0</Q7.7>
<Q8>1.0</Q8>
<Q9.1>2.0</Q9.1>
<Q9.2>3.0</Q9.2>
<Q9.3>2.0</Q9.3>
<Q9.4>2.0</Q9.4>
<Q9.5>2.0</Q9.5>
<Q9.6>2.0</Q9.6>
<Q9.7>1.0</Q9.7>
<Q10>2.0</Q10>
<Q11.1>4.0</Q11.1>
<Q11.2>4.0</Q11.2>
<Q11.3>4.0</Q11.3>
<Q11.4>3.0</Q11.4>
<Q11.5>4.0</Q11.5>
<Q12>2.0</Q12>
</Row>
<Row>
<Q1>2.0</Q1>
<Q2>2.0</Q2>
<Q3>1.0</Q3>
<Q4>3.0</Q4>
<Q5>4.0</Q5>
<Q6>2.0</Q6>
<Q7.1>4.0</Q7.1>
<Q7.2>4.0</Q7.2>
<Q7.3>4.0</Q7.3>
<Q7.4>4.0</Q7.4>
<Q7.5>4.0</Q7.5>
<Q7.6>4.0</Q7.6>
<Q7.7>4.0</Q7.7>
<Q8>1.0</Q8>
<Q9.1>5.0</Q9.1>
<Q9.2>5.0</Q9.2>
<Q9.3>4.0</Q9.3>
<Q9.4>4.0</Q9.4>
<Q9.5>4.0</Q9.5>
<Q9.6>1.0</Q9.6>
<Q9.7>5.0</Q9.7>
<Q10>5.0</Q10>
<Q11.1>4.0</Q11.1>
<Q11.2>4.0</Q11.2>
<Q11.3>4.0</Q11.3>
<Q11.4>4.0</Q11.4>
<Q11.5>4.0</Q11.5>
<Q12>4.0</Q12>
</Row>
<Row>
<Q1>4.0</Q1>
<Q2>7.0</Q2>
<Q3>4.0</Q3>
<Q4>2.0</Q4>
<Q5>2.0</Q5>
<Q6>4.0</Q6>
<Q7.1>5.0</Q7.1>
<Q7.2>4.0</Q7.2>
<Q7.3>4.0</Q7.3>
<Q7.4>4.0</Q7.4>
<Q7.5>4.0</Q7.5>
<Q7.6>4.0</Q7.6>
<Q7.7>5.0</Q7.7>
<Q8>3.0</Q8>
<Q9.1>4.0</Q9.1>
<Q9.2>3.0</Q9.2>
<Q9.3>2.0</Q9.3>
<Q9.4>2.0</Q9.4>
<Q9.5>2.0</Q9.5>
<Q9.6>3.0</Q9.6>
<Q9.7>2.0</Q9.7>
<Q10>4.0</Q10>
<Q11.1>2.0</Q11.1>
<Q11.2>3.0</Q11.2>
<Q11.3>3.0</Q11.3>
<Q11.4>1.0</Q11.4>
<Q11.5>3.0</Q11.5>
<Q12>2.0</Q12>
</Row>
<Row>
<Q1>2.0</Q1>
<Q2>6.0</Q2>
<Q3>3.0</Q3>
<Q4>2.0</Q4>
<Q5>2.0</Q5>
<Q6>4.0</Q6>
<Q7.1>3.0</Q7.1>
<Q7.2>4.0</Q7.2>
<Q7.3>4.0</Q7.3>
<Q7.4>4.0</Q7.4>
<Q7.5>4.0</Q7.5>
<Q7.6>4.0</Q7.6>
<Q7.7>4.0</Q7.7>
<Q8>2.0</Q8>
<Q9.1>4.0</Q9.1>
<Q9.2>3.0</Q9.2>
<Q9.3>2.0</Q9.3>
<Q9.4>3.0</Q9.4>
<Q9.5>4.0</Q9.5>
<Q9.6>3.0</Q9.6>
<Q9.7>3.0</Q9.7>
<Q10>3.0</Q10>
<Q11.1>3.0</Q11.1>
<Q11.2>3.0</Q11.2>
<Q11.3>3.0</Q11.3>
<Q11.4>4.0</Q11.4>
<Q11.5>3.0</Q11.5>
<Q12>2.0</Q12>
</Row>
<Row>
<Q1>3.0</Q1>
<Q2>7.0</Q2>
<Q3>5.0</Q3>
<Q4>2.0</Q4>
<Q5>4.0</Q5>
<Q6>2.0</Q6>
<Q7.1>2.0</Q7.1>
<Q7.2>4.0</Q7.2>
<Q7.3>4.0</Q7.3>
<Q7.4>4.0</Q7.4>
<Q7.5>4.0</Q7.5>
<Q7.6>4.0</Q7.6>
<Q7.7>4.0</Q7.7>
<Q8>1.0</Q8>
<Q9.1>3.0</Q9.1>
<Q9.2>5.0</Q9.2>
<Q9.3>4.0</Q9.3>
<Q9.4>5.0</Q9.4>
<Q9.5>5.0</Q9.5>
<Q9.6>1.0</Q9.6>
<Q9.7>5.0</Q9.7>
<Q10>5.0</Q10>
<Q11.1>3.0</Q11.1>
<Q11.2>4.0</Q11.2>
<Q11.3>3.0</Q11.3>
<Q11.4>3.0</Q11.4>
<Q11.5>1.0</Q11.5>
<Q12>2.0</Q12>
</Row>
<Row>
<Q1>4.0</Q1>
<Q2>7.0</Q2>
<Q3>5.0</Q3>
<Q4>2.0</Q4>
<Q5>2.0</Q5>
<Q6>4.0</Q6>
<Q7.1>4.0</Q7.1>
<Q7.2>4.0</Q7.2>
<Q7.3>4.0</Q7.3>
<Q7.4>5.0</Q7.4>
<Q7.5>5.0</Q7.5>
<Q7.6>4.0</Q7.6>
<Q7.7>4.0</Q7.7>
<Q8>5.0</Q8>
<Q9.1>4.0</Q9.1>
<Q9.2>4.0</Q9.2>
<Q9.3>3.0</Q9.3>
<Q9.4>2.0</Q9.4>
<Q9.5>2.0</Q9.5>
<Q9.6>3.0</Q9.6>
<Q9.7>3.0</Q9.7>
<Q10>4.0</Q10>
<Q11.1>3.0</Q11.1>
<Q11.2>3.0</Q11.2>
<Q11.3>3.0</Q11.3>
<Q11.4>3.0</Q11.4>
<Q11.5>3.0</Q11.5>
<Q12>3.0</Q12>
</Row>
<Row>
<Q1>5.0</Q1>
<Q2>0.0</Q2>
<Q3>6.0</Q3>
<Q4>3.0</Q4>
<Q5>3.0</Q5>
<Q6>2.0</Q6>
<Q7.1>3.0</Q7.1>
<Q7.2>3.0</Q7.2>
<Q7.3>4.0</Q7.3>
<Q7.4>3.0</Q7.4>
<Q7.5>3.0</Q7.5>
<Q7.6>5.0</Q7.6>
<Q7.7>3.0</Q7.7>
<Q8>6.0</Q8>
<Q9.1>4.0</Q9.1>
<Q9.2>4.0</Q9.2>
<Q9.3>2.0</Q9.3>
<Q9.4>2.0</Q9.4>
<Q9.5>2.0</Q9.5>
<Q9.6>4.0</Q9.6>
<Q9.7>3.0</Q9.7>
<Q10>2.0</Q10>
<Q11.1>3.0</Q11.1>
<Q11.2>3.0</Q11.2>
<Q11.3>3.0</Q11.3>
<Q11.4>3.0</Q11.4>
<Q11.5>4.0</Q11.5>
<Q12>2.0</Q12>
</Row>
<Row>
<Q1>5.0</Q1>
<Q2>7.0</Q2>
<Q3>4.0</Q3>
<Q4>3.0</Q4>
<Q5>2.0</Q5>
<Q6>4.0</Q6>
<Q7.1>4.0</Q7.1>
<Q7.2>4.0</Q7.2>
<Q7.3>4.0</Q7.3>
<Q7.4>4.0</Q7.4>
<Q7.5>4.0</Q7.5>
<Q7.6>5.0</Q7.6>
<Q7.7>5.0</Q7.7>
<Q8>1.0</Q8>
<Q9.1>2.0</Q9.1>
<Q9.2>3.0</Q9.2>
<Q9.3>3.0</Q9.3>
<Q9.4>3.0</Q9.4>
<Q9.5>2.0</Q9.5>
<Q9.6>4.0</Q9.6>
<Q9.7>3.0</Q9.7>
<Q10>4.0</Q10>
<Q11.1>4.0</Q11.1>
<Q11.2>4.0</Q11.2>
<Q11.3>4.0</Q11.3>
<Q11.4>3.0</Q11.4>
<Q11.5>3.0</Q11.5>
<Q12>2.0</Q12>
</Row>
<Row>
<Q1>4.0</Q1>
<Q2>7.0</Q2>
<Q3>4.0</Q3>
<Q4>2.0</Q4>
<Q5>1.0</Q5>
<Q6>5.0</Q6>
<Q7.1>4.0</Q7.1>
<Q7.2>4.0</Q7.2>
<Q7.3>4.0</Q7.3>
<Q7.4>4.0</Q7.4>
<Q7.5>4.0</Q7.5>
<Q7.6>4.0</Q7.6>
<Q7.7>4.0</Q7.7>
<Q8>3.0</Q8>
<Q9.1>4.0</Q9.1>
<Q9.2>3.0</Q9.2>
<Q9.3>2.0</Q9.3>
<Q9.4>2.0</Q9.4>
<Q9.5>2.0</Q9.5>
<Q9.6>2.0</Q9.6>
<Q9.7>2.0</Q9.7>
<Q10>2.0</Q10>
<Q11.1>4.0</Q11.1>
<Q11.2>4.0</Q11.2>
<Q11.3>2.0</Q11.3>
<Q11.4>3.0</Q11.4>
<Q11.5>4.0</Q11.5>
<Q12>2.0</Q12>
</Row>
<Row>
<Q1>0.0</Q1>
<Q2>1.0</Q2>
<Q3>4.0</Q3>
<Q4>1.0</Q4>
<Q5>1.0</Q5>
<Q6>3.0</Q6>
<Q7.1>4.0</Q7.1>
<Q7.2>4.0</Q7.2>
<Q7.3>4.0</Q7.3>
<Q7.4>4.0</Q7.4>
<Q7.5>4.0</Q7.5>
<Q7.6>4.0</Q7.6>
<Q7.7>5.0</Q7.7>
<Q8>1.0</Q8>
<Q9.1>4.0</Q9.1>
<Q9.2>4.0</Q9.2>
<Q9.3>4.0</Q9.3>
<Q9.4>3.0</Q9.4>
<Q9.5>2.0</Q9.5>
<Q9.6>2.0</Q9.6>
<Q9.7>2.0</Q9.7>
<Q10>2.0</Q10>
<Q11.1>3.0</Q11.1>
<Q11.2>4.0</Q11.2>
<Q11.3>4.0</Q11.3>
<Q11.4>3.0</Q11.4>
<Q11.5>4.0</Q11.5>
<Q12>3.0</Q12>
</Row>
<Row>
<Q1>4.0</Q1>
<Q2>7.0</Q2>
<Q3>5.0</Q3>
<Q4>5.0</Q4>
<Q5>2.0</Q5>
<Q6>3.0</Q6>
<Q7.1>4.0</Q7.1>
<Q7.2>5.0</Q7.2>
<Q7.3>4.0</Q7.3>
<Q7.4>4.0</Q7.4>
<Q7.5>3.0</Q7.5>
<Q7.6>4.0</Q7.6>
<Q7.7>4.0</Q7.7>
<Q8>3.0</Q8>
<Q9.1>3.0</Q9.1>
<Q9.2>3.0</Q9.2>
<Q9.3>2.0</Q9.3>
<Q9.4>2.0</Q9.4>
<Q9.5>4.0</Q9.5>
<Q9.6>4.0</Q9.6>
<Q9.7>3.0</Q9.7>
<Q10>2.0</Q10>
<Q11.1>2.0</Q11.1>
<Q11.2>3.0</Q11.2>
<Q11.3>3.0</Q11.3>
<Q11.4>3.0</Q11.4>
<Q11.5>3.0</Q11.5>
<Q12>3.0</Q12>
</Row>
<Row>
<Q1>5.0</Q1>
<Q2>6.0</Q2>
<Q3>4.0</Q3>
<Q4>3.0</Q4>
<Q5>1.0</Q5>
<Q6>5.0</Q6>
<Q7.1>5.0</Q7.1>
<Q7.2>5.0</Q7.2>
<Q7.3>5.0</Q7.3>
<Q7.4>5.0</Q7.4>
<Q7.5>5.0</Q7.5>
<Q7.6>5.0</Q7.6>
<Q7.7>5.0</Q7.7>
<Q8>6.0</Q8>
<Q9.1>2.0</Q9.1>
<Q9.2>2.0</Q9.2>
<Q9.3>2.0</Q9.3>
<Q9.4>2.0</Q9.4>
<Q9.5>1.0</Q9.5>
<Q9.6>2.0</Q9.6>
<Q9.7>2.0</Q9.7>
<Q10>2.0</Q10>
<Q11.1>2.0</Q11.1>
<Q11.2>2.0</Q11.2>
<Q11.3>2.0</Q11.3>
<Q11.4>4.0</Q11.4>
<Q11.5>1.0</Q11.5>
<Q12>2.0</Q12>
</Row>
<Row>
<Q1>1.0</Q1>
<Q2>8.0</Q2>
<Q3>2.0</Q3>
<Q4>3.0</Q4>
<Q5>1.0</Q5>
<Q6>4.0</Q6>
<Q7.1>5.0</Q7.1>
<Q7.2>5.0</Q7.2>
<Q7.3>5.0</Q7.3>
<Q7.4>5.0</Q7.4>
<Q7.5>5.0</Q7.5>
<Q7.6>5.0</Q7.6>
<Q7.7>5.0</Q7.7>
<Q8>6.0</Q8>
<Q9.1>1.0</Q9.1>
<Q9.2>3.0</Q9.2>
<Q9.3>1.0</Q9.3>
<Q9.4>2.0</Q9.4>
<Q9.5>1.0</Q9.5>
<Q9.6>5.0</Q9.6>
<Q9.7>1.0</Q9.7>
<Q10>4.0</Q10>
<Q11.1>3.0</Q11.1>
<Q11.2>4.0</Q11.2>
<Q11.3>4.0</Q11.3>
<Q11.4>4.0</Q11.4>
<Q11.5>3.0</Q11.5>
<Q12>3.0</Q12>
</Row>
<Row>
<Q1>4.0</Q1>
<Q2>1.0</Q2>
<Q3>2.0</Q3>
<Q4>5.0</Q4>
<Q5>1.0</Q5>
<Q6>5.0</Q6>
<Q7.1>5.0</Q7.1>
<Q7.2>3.0</Q7.2>
<Q7.3>4.0</Q7.3>
<Q7.4>5.0</Q7.4>
<Q7.5>4.0</Q7.5>
<Q7.6>5.0</Q7.6>
<Q7.7>5.0</Q7.7>
<Q8>1.0</Q8>
<Q9.1>2.0</Q9.1>
<Q9.2>2.0</Q9.2>
<Q9.3>3.0</Q9.3>
<Q9.4>1.0</Q9.4>
<Q9.5>3.0</Q9.5>
<Q9.6>2.0</Q9.6>
<Q9.7>1.0</Q9.7>
<Q10>4.0</Q10>
<Q11.1>5.0</Q11.1>
<Q11.2>4.0</Q11.2>
<Q11.3>3.0</Q11.3>
<Q11.4>5.0</Q11.4>
<Q11.5>3.0</Q11.5>
<Q12>1.0</Q12>
</Row>
<Row>
<Q1>4.0</Q1>
<Q2>1.0</Q2>
<Q3>5.0</Q3>
<Q4>3.0</Q4>
<Q5>1.0</Q5>
<Q6>4.0</Q6>
<Q7.1>4.0</Q7.1>
<Q7.2>3.0</Q7.2>
<Q7.3>4.0</Q7.3>
<Q7.4>4.0</Q7.4>
<Q7.5>3.0</Q7.5>
<Q7.6>4.0</Q7.6>
<Q7.7>4.0</Q7.7>
<Q8>1.0</Q8>
<Q9.1>2.0</Q9.1>
<Q9.2>2.0</Q9.2>
<Q9.3>1.0</Q9.3>
<Q9.4>1.0</Q9.4>
<Q9.5>1.0</Q9.5>
<Q9.6>3.0</Q9.6>
<Q9.7>3.0</Q9.7>
<Q10>2.0</Q10>
<Q11.1>3.0</Q11.1>
<Q11.2>4.0</Q11.2>
<Q11.3>3.0</Q11.3>
<Q11.4>3.0</Q11.4>
<Q11.5>2.0</Q11.5>
<Q12>3.0</Q12>
</Row>
<Row>
<Q1>4.0</Q1>
<Q2>6.0</Q2>
<Q3>1.0</Q3>
<Q4>5.0</Q4>
<Q5>2.0</Q5>
<Q6>4.0</Q6>
<Q7.1>4.0</Q7.1>
<Q7.2>4.0</Q7.2>
<Q7.3>4.0</Q7.3>
<Q7.4>4.0</Q7.4>
<Q7.5>4.0</Q7.5>
<Q7.6>4.0</Q7.6>
<Q7.7>4.0</Q7.7>
<Q8>1.0</Q8>
<Q9.1>3.0</Q9.1>
<Q9.2>3.0</Q9.2>
<Q9.3>4.0</Q9.3>
<Q9.4>4.0</Q9.4>
<Q9.5>4.0</Q9.5>
<Q9.6>3.0</Q9.6>
<Q9.7>4.0</Q9.7>
<Q10>4.0</Q10>
<Q11.1>3.0</Q11.1>
<Q11.2>4.0</Q11.2>
<Q11.3>4.0</Q11.3>
<Q11.4>4.0</Q11.4>
<Q11.5>4.0</Q11.5>
<Q12>3.0</Q12>
</Row>
</root>
