<?xml version="1.0" encoding="UTF-8"?>
<root>
<header>
<header>ID</header>
<header>_1번1</header>
<header>_1번2</header>
<header>_1번3</header>
<header>_2번1</header>
<header>_2번2</header>
<header>_2번3</header>
<header>_3번1</header>
<header>_3번2</header>
<header>_3번3</header>
<header>_3번4</header>
<header>_3번5</header>
<header>_3번6</header>
<header>_4번1</header>
<header>_4번2</header>
<header>_4번3</header>
<header>_5번1</header>
<header>_6번1</header>
<header>_7번1</header>
<header>_7번2</header>
<header>_7번3</header>
<header>_7번4</header>
<header>_7번5</header>
<header>_7번6</header>
<header>_7번7</header>
<header>_7번8</header>
<header>_7번9</header>
<header>_7번10</header>
<header>_8번1</header>
<header>_8번2</header>
<header>_8번3</header>
<header>_8번의4</header>
<header>_8번5</header>
<header>_8번6</header>
<header>자유의견</header>
<header>성별</header>
<header>연령</header>
<header>학력</header>
<header>학력기타</header>
<header>직업</header>
<header>직업기타</header>
<header>경력</header>
</header>
<Row>
<ID>1.0</ID>
<_1번1>2.0</_1번1>
<_1번2>5.0</_1번2>
<_1번3>7.0</_1번3>
<_2번1>5.0</_2번1>
<_2번2>2.0</_2번2>
<_2번3>4.0</_2번3>
<_3번1>3.0</_3번1>
<_3번2>5.0</_3번2>
<_3번3>1.0</_3번3>
<_3번4>2.0</_3번4>
<_3번5>2.0</_3번5>
<_3번6>4.0</_3번6>
<_4번1>1.0</_4번1>
<_4번2>3.0</_4번2>
<_4번3>3.0</_4번3>
<_5번1>4.0</_5번1>
<_6번1>3.0</_6번1>
<_7번1>3.0</_7번1>
<_7번2>2.0</_7번2>
<_7번3>3.0</_7번3>
<_7번4>1.0</_7번4>
<_7번5>2.0</_7번5>
<_7번6>1.0</_7번6>
<_7번7>3.0</_7번7>
<_7번8>2.0</_7번8>
<_7번9>1.0</_7번9>
<_7번10>2.0</_7번10>
<_8번1>2.0</_8번1>
<_8번2>1.0</_8번2>
<_8번3>3.0</_8번3>
<_8번의4>2.0</_8번의4>
<_8번5>3.0</_8번5>
<_8번6>4.0</_8번6>
<자유의견>직무수행 요건의 객관화</자유의견>
<성별>1.0</성별>
<연령>4.0</연령>
<학력>5.0</학력>
<학력기타>1.0</학력기타>
<직업>4.0</직업>
<직업기타/>
<경력/>
</Row>
<Row>
<ID>2.0</ID>
<_1번1>3.0</_1번1>
<_1번2>6.0</_1번2>
<_1번3>5.0</_1번3>
<_2번1>3.0</_2번1>
<_2번2>3.0</_2번2>
<_2번3>3.0</_2번3>
<_3번1>6.0</_3번1>
<_3번2>3.0</_3번2>
<_3번3>3.0</_3번3>
<_3번4>4.0</_3번4>
<_3번5>5.0</_3번5>
<_3번6>3.0</_3번6>
<_4번1>4.0</_4번1>
<_4번2>3.0</_4번2>
<_4번3>3.0</_4번3>
<_5번1>3.0</_5번1>
<_6번1>5.0</_6번1>
<_7번1>5.0</_7번1>
<_7번2>5.0</_7번2>
<_7번3>5.0</_7번3>
<_7번4>2.0</_7번4>
<_7번5>2.0</_7번5>
<_7번6>1.0</_7번6>
<_7번7>4.0</_7번7>
<_7번8>4.0</_7번8>
<_7번9>3.0</_7번9>
<_7번10>4.0</_7번10>
<_8번1>4.0</_8번1>
<_8번2>4.0</_8번2>
<_8번3>4.0</_8번3>
<_8번의4>4.0</_8번의4>
<_8번5>1.0</_8번5>
<_8번6>1.0</_8번6>
<자유의견>3.0</자유의견>
<성별>3.0</성별>
<연령>2.0</연령>
<학력>3.0</학력>
<학력기타/>
<직업/>
<직업기타/>
<경력/>
</Row>
<Row>
<ID>3.0</ID>
<_1번1>7.0</_1번1>
<_1번2>7.0</_1번2>
<_1번3>5.0</_1번3>
<_2번1>7.0</_2번1>
<_2번2>3.0</_2번2>
<_2번3>7.0</_2번3>
<_3번1>7.0</_3번1>
<_3번2>5.0</_3번2>
<_3번3>5.0</_3번3>
<_3번4>5.0</_3번4>
<_3번5>7.0</_3번5>
<_3번6>6.0</_3번6>
<_4번1>5.0</_4번1>
<_4번2>6.0</_4번2>
<_4번3>8.0</_4번3>
<_5번1>7.0</_5번1>
<_6번1>7.0</_6번1>
<_7번1>5.0</_7번1>
<_7번2>7.0</_7번2>
<_7번3>4.0</_7번3>
<_7번4>5.0</_7번4>
<_7번5>6.0</_7번5>
<_7번6>5.0</_7번6>
<_7번7>7.0</_7번7>
<_7번8>7.0</_7번8>
<_7번9>8.0</_7번9>
<_7번10>5.0</_7번10>
<_8번1>7.0</_8번1>
<_8번2>4.0</_8번2>
<_8번3>7.0</_8번3>
<_8번의4>5.0</_8번의4>
<_8번5>5.0</_8번5>
<_8번6>5.0</_8번6>
<자유의견>1.0</자유의견>
<성별>3.0</성별>
<연령>5.0</연령>
<학력>1.0</학력>
<학력기타>3.0</학력기타>
<직업/>
<직업기타/>
<경력/>
</Row>
<Row>
<ID>4.0</ID>
<_1번1>5.0</_1번1>
<_1번2>3.0</_1번2>
<_1번3>5.0</_1번3>
<_2번1>4.0</_2번1>
<_2번2>5.0</_2번2>
<_2번3>6.0</_2번3>
<_3번1>7.0</_3번1>
<_3번2>5.0</_3번2>
<_3번3>5.0</_3번3>
<_3번4>5.0</_3번4>
<_3번5>5.0</_3번5>
<_3번6>1.0</_3번6>
<_4번1>7.0</_4번1>
<_4번2>3.0</_4번2>
<_4번3>7.0</_4번3>
<_5번1>3.0</_5번1>
<_6번1>7.0</_6번1>
<_7번1>5.0</_7번1>
<_7번2>5.0</_7번2>
<_7번3>5.0</_7번3>
<_7번4>3.0</_7번4>
<_7번5>5.0</_7번5>
<_7번6>5.0</_7번6>
<_7번7>5.0</_7번7>
<_7번8>3.0</_7번8>
<_7번9>3.0</_7번9>
<_7번10>3.0</_7번10>
<_8번1>3.0</_8번1>
<_8번2>3.0</_8번2>
<_8번3>3.0</_8번3>
<_8번의4>3.0</_8번의4>
<_8번5>3.0</_8번5>
<_8번6>1.0</_8번6>
<자유의견>1.0</자유의견>
<성별>3.0</성별>
<연령>3.0</연령>
<학력>2.0</학력>
<학력기타>1.0</학력기타>
<직업/>
<직업기타/>
<경력/>
</Row>
<Row>
<ID>5.0</ID>
<_1번1>8.0</_1번1>
<_1번2>8.0</_1번2>
<_1번3>5.0</_1번3>
<_2번1>6.0</_2번1>
<_2번2>5.0</_2번2>
<_2번3>5.0</_2번3>
<_3번1>7.0</_3번1>
<_3번2>7.0</_3번2>
<_3번3>5.0</_3번3>
<_3번4>7.0</_3번4>
<_3번5>5.0</_3번5>
<_3번6>5.0</_3번6>
<_4번1>5.0</_4번1>
<_4번2>7.0</_4번2>
<_4번3>5.0</_4번3>
<_5번1>7.0</_5번1>
<_6번1>7.0</_6번1>
<_7번1>7.0</_7번1>
<_7번2>9.0</_7번2>
<_7번3>5.0</_7번3>
<_7번4>5.0</_7번4>
<_7번5>5.0</_7번5>
<_7번6>7.0</_7번6>
<_7번7>7.0</_7번7>
<_7번8>7.0</_7번8>
<_7번9>7.0</_7번9>
<_7번10>5.0</_7번10>
<_8번1>5.0</_8번1>
<_8번2>7.0</_8번2>
<_8번3>5.0</_8번3>
<_8번의4>7.0</_8번의4>
<_8번5>5.0</_8번5>
<_8번6>5.0</_8번6>
<자유의견>개방형 임용제도 개선방향 수립시 - 공직 내부 상황에 대한 진단 - 외부 민간 상황에 대한 진단도 함께 수행되어져야 함 ex) 민간에서 공직에 들어올 분야, 인력  pool, 요구사항 등</자유의견>
<성별>1.0</성별>
<연령>3.0</연령>
<학력>5.0</학력>
<학력기타>2.0</학력기타>
<직업>3.0</직업>
<직업기타/>
<경력/>
</Row>
<Row>
<ID>6.0</ID>
<_1번1>4.0</_1번1>
<_1번2>4.0</_1번2>
<_1번3>3.0</_1번3>
<_2번1>3.0</_2번1>
<_2번2>3.0</_2번2>
<_2번3>4.0</_2번3>
<_3번1>3.0</_3번1>
<_3번2>3.0</_3번2>
<_3번3>3.0</_3번3>
<_3번4>3.0</_3번4>
<_3번5>3.0</_3번5>
<_3번6>3.0</_3번6>
<_4번1>3.0</_4번1>
<_4번2>4.0</_4번2>
<_4번3>4.0</_4번3>
<_5번1>3.0</_5번1>
<_6번1>3.0</_6번1>
<_7번1>3.0</_7번1>
<_7번2>3.0</_7번2>
<_7번3>3.0</_7번3>
<_7번4>3.0</_7번4>
<_7번5>3.0</_7번5>
<_7번6>3.0</_7번6>
<_7번7>3.0</_7번7>
<_7번8>3.0</_7번8>
<_7번9>3.0</_7번9>
<_7번10>3.0</_7번10>
<_8번1>3.0</_8번1>
<_8번2>3.0</_8번2>
<_8번3>3.0</_8번3>
<_8번의4>3.0</_8번의4>
<_8번5>3.0</_8번5>
<_8번6>3.0</_8번6>
<자유의견>1.0</자유의견>
<성별>3.0</성별>
<연령>5.0</연령>
<학력>1.0</학력>
<학력기타>2.0</학력기타>
<직업/>
<직업기타/>
<경력/>
</Row>
<Row>
<ID>7.0</ID>
<_1번1>5.0</_1번1>
<_1번2>5.0</_1번2>
<_1번3>4.0</_1번3>
<_2번1>5.0</_2번1>
<_2번2>4.0</_2번2>
<_2번3>5.0</_2번3>
<_3번1>5.0</_3번1>
<_3번2>3.0</_3번2>
<_3번3>4.0</_3번3>
<_3번4>7.0</_3번4>
<_3번5>3.0</_3번5>
<_3번6>5.0</_3번6>
<_4번1>4.0</_4번1>
<_4번2>1.0</_4번2>
<_4번3>4.0</_4번3>
<_5번1>5.0</_5번1>
<_6번1>1.0</_6번1>
<_7번1>4.0</_7번1>
<_7번2>4.0</_7번2>
<_7번3>3.0</_7번3>
<_7번4>3.0</_7번4>
<_7번5>4.0</_7번5>
<_7번6>1.0</_7번6>
<_7번7>3.0</_7번7>
<_7번8>2.0</_7번8>
<_7번9>2.0</_7번9>
<_7번10>2.0</_7번10>
<_8번1>7.0</_8번1>
<_8번2>7.0</_8번2>
<_8번3>7.0</_8번3>
<_8번의4>8.0</_8번의4>
<_8번5>8.0</_8번5>
<_8번6>8.0</_8번6>
<자유의견>개방형 임용제도는 시스템의 문제가 아니고 문화의 문제이다. 외부인에 대한 관료들의 경계심 및 외부임용자의 적응에 대한 적극성 부족으로 겉돌다 나오는 경우가 대부분이다. 따라서 조직융화를 위한 특단의 대책이 없이는 내부인만을 선호하게 되어 사실상 제도의 취지를 살리지 못하게 되어 있다. 관료들이 후보의 전문성을 반드시 필요로 하면 융화에 훨씬 적극적일 것이다. 그 이유가 직무분석이 확대되어야 하는 이유이다. 또 외부인들은 자신을 찾아주기를 기다리는 소극적 대토를 보이므로 이와 같은 전문가에게 적극적으로 접근하고 제의하는 적극적 모집도 중요하다. 보수에 얽매이는 후보자는 공직의식이 약할 것으로 보인다. </자유의견>
<성별>1.0</성별>
<연령>3.0</연령>
<학력>5.0</학력>
<학력기타>1.0</학력기타>
<직업>3.0</직업>
<직업기타/>
<경력/>
</Row>
<Row>
<ID>8.0</ID>
<_1번1>7.0</_1번1>
<_1번2>7.0</_1번2>
<_1번3>7.0</_1번3>
<_2번1>7.0</_2번1>
<_2번2>7.0</_2번2>
<_2번3>7.0</_2번3>
<_3번1>7.0</_3번1>
<_3번2>7.0</_3번2>
<_3번3>7.0</_3번3>
<_3번4>5.0</_3번4>
<_3번5>7.0</_3번5>
<_3번6>7.0</_3번6>
<_4번1>7.0</_4번1>
<_4번2>7.0</_4번2>
<_4번3>7.0</_4번3>
<_5번1>7.0</_5번1>
<_6번1>7.0</_6번1>
<_7번1>7.0</_7번1>
<_7번2>7.0</_7번2>
<_7번3>7.0</_7번3>
<_7번4>7.0</_7번4>
<_7번5>5.0</_7번5>
<_7번6>5.0</_7번6>
<_7번7>5.0</_7번7>
<_7번8>7.0</_7번8>
<_7번9>7.0</_7번9>
<_7번10>7.0</_7번10>
<_8번1>7.0</_8번1>
<_8번2>7.0</_8번2>
<_8번3>5.0</_8번3>
<_8번의4>5.0</_8번의4>
<_8번5>5.0</_8번5>
<_8번6>3.0</_8번6>
<자유의견>1.0</자유의견>
<성별>4.0</성별>
<연령>5.0</연령>
<학력>1.0</학력>
<학력기타>4.0</학력기타>
<직업/>
<직업기타/>
<경력/>
</Row>
<Row>
<ID>9.0</ID>
<_1번1>5.0</_1번1>
<_1번2>4.0</_1번2>
<_1번3>7.0</_1번3>
<_2번1>4.0</_2번1>
<_2번2>3.0</_2번2>
<_2번3>7.0</_2번3>
<_3번1>1.0</_3번1>
<_3번2>7.0</_3번2>
<_3번3>7.0</_3번3>
<_3번4>7.0</_3번4>
<_3번5>7.0</_3번5>
<_3번6>1.0</_3번6>
<_4번1>6.0</_4번1>
<_4번2>3.0</_4번2>
<_4번3>8.0</_4번3>
<_5번1>6.0</_5번1>
<_6번1>1.0</_6번1>
<_7번1>2.0</_7번1>
<_7번2>2.0</_7번2>
<_7번3>2.0</_7번3>
<_7번4>5.0</_7번4>
<_7번5>1.0</_7번5>
<_7번6>5.0</_7번6>
<_7번7>3.0</_7번7>
<_7번8>5.0</_7번8>
<_7번9>3.0</_7번9>
<_7번10>3.0</_7번10>
<_8번1>3.0</_8번1>
<_8번2>3.0</_8번2>
<_8번3>3.0</_8번3>
<_8번의4>1.0</_8번의4>
<_8번5>1.0</_8번5>
<_8번6>1.0</_8번6>
<자유의견>1.0</자유의견>
<성별>3.0</성별>
<연령>5.0</연령>
<학력>1.0</학력>
<학력기타>3.0</학력기타>
<직업/>
<직업기타/>
<경력/>
</Row>
<Row>
<ID>10.0</ID>
<_1번1>1.0</_1번1>
<_1번2>1.0</_1번2>
<_1번3>5.0</_1번3>
<_2번1>5.0</_2번1>
<_2번2>4.0</_2번2>
<_2번3>5.0</_2번3>
<_3번1>4.0</_3번1>
<_3번2>5.0</_3번2>
<_3번3>1.0</_3번3>
<_3번4>5.0</_3번4>
<_3번5>1.0</_3번5>
<_3번6>1.0</_3번6>
<_4번1>7.0</_4번1>
<_4번2>5.0</_4번2>
<_4번3>7.0</_4번3>
<_5번1>6.0</_5번1>
<_6번1>9.0</_6번1>
<_7번1>7.0</_7번1>
<_7번2>5.0</_7번2>
<_7번3>7.0</_7번3>
<_7번4>4.0</_7번4>
<_7번5>6.0</_7번5>
<_7번6>5.0</_7번6>
<_7번7>6.0</_7번7>
<_7번8>5.0</_7번8>
<_7번9>5.0</_7번9>
<_7번10>8.0</_7번10>
<_8번1>6.0</_8번1>
<_8번2>5.0</_8번2>
<_8번3>6.0</_8번3>
<_8번의4>5.0</_8번의4>
<_8번5>5.0</_8번5>
<_8번6>5.0</_8번6>
<자유의견>1.0</자유의견>
<성별>3.0</성별>
<연령>5.0</연령>
<학력>1.0</학력>
<학력기타>3.0</학력기타>
<직업/>
<직업기타/>
<경력/>
</Row>
<Row>
<ID>11.0</ID>
<_1번1>1.0</_1번1>
<_1번2>1.0</_1번2>
<_1번3>1.0</_1번3>
<_2번1>5.0</_2번1>
<_2번2>5.0</_2번2>
<_2번3>5.0</_2번3>
<_3번1>5.0</_3번1>
<_3번2>5.0</_3번2>
<_3번3>5.0</_3번3>
<_3번4>5.0</_3번4>
<_3번5>5.0</_3번5>
<_3번6>5.0</_3번6>
<_4번1>6.0</_4번1>
<_4번2>5.0</_4번2>
<_4번3>5.0</_4번3>
<_5번1>5.0</_5번1>
<_6번1>9.0</_6번1>
<_7번1>5.0</_7번1>
<_7번2>5.0</_7번2>
<_7번3>5.0</_7번3>
<_7번4>5.0</_7번4>
<_7번5>5.0</_7번5>
<_7번6>1.0</_7번6>
<_7번7>5.0</_7번7>
<_7번8>5.0</_7번8>
<_7번9>5.0</_7번9>
<_7번10>5.0</_7번10>
<_8번1>5.0</_8번1>
<_8번2>5.0</_8번2>
<_8번3>5.0</_8번3>
<_8번의4>5.0</_8번의4>
<_8번5>5.0</_8번5>
<_8번6>5.0</_8번6>
<자유의견>1.0</자유의견>
<성별>4.0</성별>
<연령>5.0</연령>
<학력>1.0</학력>
<학력기타>3.0</학력기타>
<직업/>
<직업기타/>
<경력/>
</Row>
<Row>
<ID>12.0</ID>
<_1번1>5.0</_1번1>
<_1번2>7.0</_1번2>
<_1번3>8.0</_1번3>
<_2번1>7.0</_2번1>
<_2번2>9.0</_2번2>
<_2번3>9.0</_2번3>
<_3번1>5.0</_3번1>
<_3번2>4.0</_3번2>
<_3번3>3.0</_3번3>
<_3번4>3.0</_3번4>
<_3번5>3.0</_3번5>
<_3번6>6.0</_3번6>
<_4번1>5.0</_4번1>
<_4번2>4.0</_4번2>
<_4번3>2.0</_4번3>
<_5번1>6.0</_5번1>
<_6번1>3.0</_6번1>
<_7번1>3.0</_7번1>
<_7번2>5.0</_7번2>
<_7번3>6.0</_7번3>
<_7번4>5.0</_7번4>
<_7번5>5.0</_7번5>
<_7번6>5.0</_7번6>
<_7번7>3.0</_7번7>
<_7번8>4.0</_7번8>
<_7번9>5.0</_7번9>
<_7번10>4.0</_7번10>
<_8번1>4.0</_8번1>
<_8번2>2.0</_8번2>
<_8번3>2.0</_8번3>
<_8번의4>3.0</_8번의4>
<_8번5>3.0</_8번5>
<_8번6>2.0</_8번6>
<자유의견>중앙인사위원 같은 것을 설치하는 것은 반대</자유의견>
<성별>1.0</성별>
<연령>4.0</연령>
<학력>5.0</학력>
<학력기타>1.0</학력기타>
<직업>3.0</직업>
<직업기타/>
<경력/>
</Row>
<Row>
<ID>13.0</ID>
<_1번1>4.0</_1번1>
<_1번2>3.0</_1번2>
<_1번3>2.0</_1번3>
<_2번1>6.0</_2번1>
<_2번2>6.0</_2번2>
<_2번3>7.0</_2번3>
<_3번1>4.0</_3번1>
<_3번2>5.0</_3번2>
<_3번3>2.0</_3번3>
<_3번4>7.0</_3번4>
<_3번5>3.0</_3번5>
<_3번6>5.0</_3번6>
<_4번1>3.0</_4번1>
<_4번2>2.0</_4번2>
<_4번3>3.0</_4번3>
<_5번1>4.0</_5번1>
<_6번1>3.0</_6번1>
<_7번1>6.0</_7번1>
<_7번2>4.0</_7번2>
<_7번3>6.0</_7번3>
<_7번4>5.0</_7번4>
<_7번5>5.0</_7번5>
<_7번6>2.0</_7번6>
<_7번7>3.0</_7번7>
<_7번8>4.0</_7번8>
<_7번9>3.0</_7번9>
<_7번10>6.0</_7번10>
<_8번1>4.0</_8번1>
<_8번2>5.0</_8번2>
<_8번3>3.0</_8번3>
<_8번의4>4.0</_8번의4>
<_8번5>3.0</_8번5>
<_8번6>4.0</_8번6>
<자유의견>1.0</자유의견>
<성별>3.0</성별>
<연령>5.0</연령>
<학력>1.0</학력>
<학력기타>2.0</학력기타>
<직업/>
<직업기타/>
<경력/>
</Row>
<Row>
<ID>14.0</ID>
<_1번1>4.0</_1번1>
<_1번2>7.0</_1번2>
<_1번3>7.0</_1번3>
<_2번1>3.0</_2번1>
<_2번2>2.0</_2번2>
<_2번3>2.0</_2번3>
<_3번1>9.0</_3번1>
<_3번2>1.0</_3번2>
<_3번3>3.0</_3번3>
<_3번4>9.0</_3번4>
<_3번5>9.0</_3번5>
<_3번6>1.0</_3번6>
<_4번1>9.0</_4번1>
<_4번2>2.0</_4번2>
<_4번3>8.0</_4번3>
<_5번1>1.0</_5번1>
<_6번1>3.0</_6번1>
<_7번1>4.0</_7번1>
<_7번2>1.0</_7번2>
<_7번3>2.0</_7번3>
<_7번4>1.0</_7번4>
<_7번5>2.0</_7번5>
<_7번6>2.0</_7번6>
<_7번7>3.0</_7번7>
<_7번8>2.0</_7번8>
<_7번9>1.0</_7번9>
<_7번10>2.0</_7번10>
<_8번1>1.0</_8번1>
<_8번2>1.0</_8번2>
<_8번3>1.0</_8번3>
<_8번의4>1.0</_8번의4>
<_8번5>1.0</_8번5>
<_8번6>1.0</_8번6>
<자유의견>2.0</자유의견>
<성별>3.0</성별>
<연령>5.0</연령>
<학력>3.0</학력>
<학력기타>2.0</학력기타>
<직업/>
<직업기타/>
<경력/>
</Row>
<Row>
<ID>15.0</ID>
<_1번1>1.0</_1번1>
<_1번2>5.0</_1번2>
<_1번3>4.0</_1번3>
<_2번1>7.0</_2번1>
<_2번2>4.0</_2번2>
<_2번3>7.0</_2번3>
<_3번1>6.0</_3번1>
<_3번2>5.0</_3번2>
<_3번3>5.0</_3번3>
<_3번4>6.0</_3번4>
<_3번5>5.0</_3번5>
<_3번6>4.0</_3번6>
<_4번1>5.0</_4번1>
<_4번2>7.0</_4번2>
<_4번3>5.0</_4번3>
<_5번1>6.0</_5번1>
<_6번1>7.0</_6번1>
<_7번1>6.0</_7번1>
<_7번2>7.0</_7번2>
<_7번3>4.0</_7번3>
<_7번4>7.0</_7번4>
<_7번5>6.0</_7번5>
<_7번6>7.0</_7번6>
<_7번7>4.0</_7번7>
<_7번8>6.0</_7번8>
<_7번9>6.0</_7번9>
<_7번10>4.0</_7번10>
<_8번1>6.0</_8번1>
<_8번2>5.0</_8번2>
<_8번3>5.0</_8번3>
<_8번의4>6.0</_8번의4>
<_8번5>4.0</_8번5>
<_8번6>6.0</_8번6>
<자유의견>1.0</자유의견>
<성별>4.0</성별>
<연령>5.0</연령>
<학력>1.0</학력>
<학력기타>3.0</학력기타>
<직업/>
<직업기타/>
<경력/>
</Row>
<Row>
<ID>16.0</ID>
<_1번1>1.0</_1번1>
<_1번2>8.0</_1번2>
<_1번3>6.0</_1번3>
<_2번1>7.0</_2번1>
<_2번2>6.0</_2번2>
<_2번3>6.0</_2번3>
<_3번1>5.0</_3번1>
<_3번2>6.0</_3번2>
<_3번3>6.0</_3번3>
<_3번4>7.0</_3번4>
<_3번5>7.0</_3번5>
<_3번6>7.0</_3번6>
<_4번1>1.0</_4번1>
<_4번2>7.0</_4번2>
<_4번3>7.0</_4번3>
<_5번1>3.0</_5번1>
<_6번1>5.0</_6번1>
<_7번1>4.0</_7번1>
<_7번2>7.0</_7번2>
<_7번3>7.0</_7번3>
<_7번4>2.0</_7번4>
<_7번5>3.0</_7번5>
<_7번6>3.0</_7번6>
<_7번7>3.0</_7번7>
<_7번8>3.0</_7번8>
<_7번9>4.0</_7번9>
<_7번10>4.0</_7번10>
<_8번1>4.0</_8번1>
<_8번2>2.0</_8번2>
<_8번3>2.0</_8번3>
<_8번의4>1.0</_8번의4>
<_8번5>1.0</_8번5>
<_8번6>3.0</_8번6>
<자유의견>2.0</자유의견>
<성별>4.0</성별>
<연령>5.0</연령>
<학력>1.0</학력>
<학력기타>4.0</학력기타>
<직업/>
<직업기타/>
<경력/>
</Row>
<Row>
<ID>17.0</ID>
<_1번1>1.0</_1번1>
<_1번2>7.0</_1번2>
<_1번3>7.0</_1번3>
<_2번1>7.0</_2번1>
<_2번2>6.0</_2번2>
<_2번3>1.0</_2번3>
<_3번1>5.0</_3번1>
<_3번2>6.0</_3번2>
<_3번3>4.0</_3번3>
<_3번4>6.0</_3번4>
<_3번5>5.0</_3번5>
<_3번6>5.0</_3번6>
<_4번1>7.0</_4번1>
<_4번2>8.0</_4번2>
<_4번3>5.0</_4번3>
<_5번1>8.0</_5번1>
<_6번1>6.0</_6번1>
<_7번1>4.0</_7번1>
<_7번2>4.0</_7번2>
<_7번3>6.0</_7번3>
<_7번4>6.0</_7번4>
<_7번5>2.0</_7번5>
<_7번6>5.0</_7번6>
<_7번7>5.0</_7번7>
<_7번8>3.0</_7번8>
<_7번9>3.0</_7번9>
<_7번10>1.0</_7번10>
<_8번1>5.0</_8번1>
<_8번2>5.0</_8번2>
<_8번3>5.0</_8번3>
<_8번의4>7.0</_8번의4>
<_8번5>7.0</_8번5>
<_8번6>2.0</_8번6>
<자유의견>1.0</자유의견>
<성별>3.0</성별>
<연령>5.0</연령>
<학력>1.0</학력>
<학력기타>3.0</학력기타>
<직업/>
<직업기타/>
<경력/>
</Row>
<Row>
<ID>18.0</ID>
<_1번1>3.0</_1번1>
<_1번2>2.0</_1번2>
<_1번3>2.0</_1번3>
<_2번1>3.0</_2번1>
<_2번2>3.0</_2번2>
<_2번3>3.0</_2번3>
<_3번1>1.0</_3번1>
<_3번2>3.0</_3번2>
<_3번3>3.0</_3번3>
<_3번4>3.0</_3번4>
<_3번5>3.0</_3번5>
<_3번6>3.0</_3번6>
<_4번1>3.0</_4번1>
<_4번2>3.0</_4번2>
<_4번3>1.0</_4번3>
<_5번1>3.0</_5번1>
<_6번1>1.0</_6번1>
<_7번1>4.0</_7번1>
<_7번2>3.0</_7번2>
<_7번3>4.0</_7번3>
<_7번4>3.0</_7번4>
<_7번5>3.0</_7번5>
<_7번6>3.0</_7번6>
<_7번7>3.0</_7번7>
<_7번8>3.0</_7번8>
<_7번9>3.0</_7번9>
<_7번10>3.0</_7번10>
<_8번1>3.0</_8번1>
<_8번2>1.0</_8번2>
<_8번3>3.0</_8번3>
<_8번의4>3.0</_8번의4>
<_8번5>1.0</_8번5>
<_8번6>1.0</_8번6>
<자유의견>1.0</자유의견>
<성별>4.0</성별>
<연령>5.0</연령>
<학력>1.0</학력>
<학력기타>4.0</학력기타>
<직업/>
<직업기타/>
<경력/>
</Row>
<Row>
<ID>19.0</ID>
<_1번1>3.0</_1번1>
<_1번2>4.0</_1번2>
<_1번3>2.0</_1번3>
<_2번1>2.0</_2번1>
<_2번2>1.0</_2번2>
<_2번3>3.0</_2번3>
<_3번1>1.0</_3번1>
<_3번2>3.0</_3번2>
<_3번3>1.0</_3번3>
<_3번4>2.0</_3번4>
<_3번5>2.0</_3번5>
<_3번6>2.0</_3번6>
<_4번1>1.0</_4번1>
<_4번2>2.0</_4번2>
<_4번3>2.0</_4번3>
<_5번1>3.0</_5번1>
<_6번1>1.0</_6번1>
<_7번1>3.0</_7번1>
<_7번2>2.0</_7번2>
<_7번3>3.0</_7번3>
<_7번4>3.0</_7번4>
<_7번5>2.0</_7번5>
<_7번6>3.0</_7번6>
<_7번7>3.0</_7번7>
<_7번8>1.0</_7번8>
<_7번9>2.0</_7번9>
<_7번10>2.0</_7번10>
<_8번1>1.0</_8번1>
<_8번2>1.0</_8번2>
<_8번3>1.0</_8번3>
<_8번의4>2.0</_8번의4>
<_8번5>3.0</_8번5>
<_8번6>3.0</_8번6>
<자유의견>1.0</자유의견>
<성별>4.0</성별>
<연령>5.0</연령>
<학력>1.0</학력>
<학력기타>4.0</학력기타>
<직업/>
<직업기타/>
<경력/>
</Row>
<Row>
<ID>20.0</ID>
<_1번1>3.0</_1번1>
<_1번2>4.0</_1번2>
<_1번3>3.0</_1번3>
<_2번1>3.0</_2번1>
<_2번2>3.0</_2번2>
<_2번3>3.0</_2번3>
<_3번1>1.0</_3번1>
<_3번2>2.0</_3번2>
<_3번3>3.0</_3번3>
<_3번4>3.0</_3번4>
<_3번5>3.0</_3번5>
<_3번6>2.0</_3번6>
<_4번1>3.0</_4번1>
<_4번2>3.0</_4번2>
<_4번3>4.0</_4번3>
<_5번1>3.0</_5번1>
<_6번1>3.0</_6번1>
<_7번1>3.0</_7번1>
<_7번2>3.0</_7번2>
<_7번3>2.0</_7번3>
<_7번4>3.0</_7번4>
<_7번5>4.0</_7번5>
<_7번6>2.0</_7번6>
<_7번7>2.0</_7번7>
<_7번8>2.0</_7번8>
<_7번9>2.0</_7번9>
<_7번10>3.0</_7번10>
<_8번1>3.0</_8번1>
<_8번2>3.0</_8번2>
<_8번3>3.0</_8번3>
<_8번의4>3.0</_8번의4>
<_8번5>2.0</_8번5>
<_8번6>1.0</_8번6>
<자유의견>4.0</자유의견>
<성별>5.0</성별>
<연령>2.0</연령>
<학력>4.0</학력>
<학력기타/>
<직업/>
<직업기타/>
<경력/>
</Row>
<Row>
<ID>21.0</ID>
<_1번1>5.0</_1번1>
<_1번2>7.0</_1번2>
<_1번3>5.0</_1번3>
<_2번1>3.0</_2번1>
<_2번2>3.0</_2번2>
<_2번3>5.0</_2번3>
<_3번1>3.0</_3번1>
<_3번2>1.0</_3번2>
<_3번3>5.0</_3번3>
<_3번4>3.0</_3번4>
<_3번5>2.0</_3번5>
<_3번6>5.0</_3번6>
<_4번1>3.0</_4번1>
<_4번2>5.0</_4번2>
<_4번3>3.0</_4번3>
<_5번1>3.0</_5번1>
<_6번1>3.0</_6번1>
<_7번1>3.0</_7번1>
<_7번2>3.0</_7번2>
<_7번3>3.0</_7번3>
<_7번4>3.0</_7번4>
<_7번5>5.0</_7번5>
<_7번6>4.0</_7번6>
<_7번7>3.0</_7번7>
<_7번8>2.0</_7번8>
<_7번9>5.0</_7번9>
<_7번10>5.0</_7번10>
<_8번1>3.0</_8번1>
<_8번2>2.0</_8번2>
<_8번3>3.0</_8번3>
<_8번의4>5.0</_8번의4>
<_8번5>5.0</_8번5>
<_8번6>2.0</_8번6>
<자유의견>1.0</자유의견>
<성별>4.0</성별>
<연령>5.0</연령>
<학력>1.0</학력>
<학력기타>4.0</학력기타>
<직업/>
<직업기타/>
<경력/>
</Row>
<Row>
<ID>22.0</ID>
<_1번1>5.0</_1번1>
<_1번2>7.0</_1번2>
<_1번3>6.0</_1번3>
<_2번1>4.0</_2번1>
<_2번2>1.0</_2번2>
<_2번3>4.0</_2번3>
<_3번1>7.0</_3번1>
<_3번2>3.0</_3번2>
<_3번3>3.0</_3번3>
<_3번4>5.0</_3번4>
<_3번5>4.0</_3번5>
<_3번6>2.0</_3번6>
<_4번1>2.0</_4번1>
<_4번2>4.0</_4번2>
<_4번3>5.0</_4번3>
<_5번1>4.0</_5번1>
<_6번1>5.0</_6번1>
<_7번1>5.0</_7번1>
<_7번2>5.0</_7번2>
<_7번3>7.0</_7번3>
<_7번4>3.0</_7번4>
<_7번5>4.0</_7번5>
<_7번6>6.0</_7번6>
<_7번7>1.0</_7번7>
<_7번8>5.0</_7번8>
<_7번9>4.0</_7번9>
<_7번10>7.0</_7번10>
<_8번1>1.0</_8번1>
<_8번2>1.0</_8번2>
<_8번3>3.0</_8번3>
<_8번의4>4.0</_8번의4>
<_8번5>4.0</_8번5>
<_8번6>1.0</_8번6>
<자유의견>개방형 임용 이후 장기 근무 가능한 제도적 장치 마련, 공정한 성과평가(수용성 제고) 노력 필요</자유의견>
<성별>1.0</성별>
<연령>3.0</연령>
<학력>5.0</학력>
<학력기타>1.0</학력기타>
<직업>3.0</직업>
<직업기타/>
<경력/>
</Row>
<Row>
<ID>23.0</ID>
<_1번1>7.0</_1번1>
<_1번2>5.0</_1번2>
<_1번3>7.0</_1번3>
<_2번1>7.0</_2번1>
<_2번2>5.0</_2번2>
<_2번3>5.0</_2번3>
<_3번1>7.0</_3번1>
<_3번2>7.0</_3번2>
<_3번3>7.0</_3번3>
<_3번4>7.0</_3번4>
<_3번5>7.0</_3번5>
<_3번6>7.0</_3번6>
<_4번1>7.0</_4번1>
<_4번2>7.0</_4번2>
<_4번3>7.0</_4번3>
<_5번1>8.0</_5번1>
<_6번1>7.0</_6번1>
<_7번1>7.0</_7번1>
<_7번2>7.0</_7번2>
<_7번3>7.0</_7번3>
<_7번4>7.0</_7번4>
<_7번5>7.0</_7번5>
<_7번6>7.0</_7번6>
<_7번7>7.0</_7번7>
<_7번8>7.0</_7번8>
<_7번9>7.0</_7번9>
<_7번10>7.0</_7번10>
<_8번1>7.0</_8번1>
<_8번2>7.0</_8번2>
<_8번3>7.0</_8번3>
<_8번의4>7.0</_8번의4>
<_8번5>7.0</_8번5>
<_8번6>7.0</_8번6>
<자유의견>1.0</자유의견>
<성별>4.0</성별>
<연령>5.0</연령>
<학력>1.0</학력>
<학력기타>4.0</학력기타>
<직업/>
<직업기타/>
<경력/>
</Row>
<Row>
<ID>24.0</ID>
<_1번1>5.0</_1번1>
<_1번2>5.0</_1번2>
<_1번3>1.0</_1번3>
<_2번1>5.0</_2번1>
<_2번2>3.0</_2번2>
<_2번3>3.0</_2번3>
<_3번1>5.0</_3번1>
<_3번2>5.0</_3번2>
<_3번3>3.0</_3번3>
<_3번4>1.0</_3번4>
<_3번5>1.0</_3번5>
<_3번6>1.0</_3번6>
<_4번1>5.0</_4번1>
<_4번2>5.0</_4번2>
<_4번3>1.0</_4번3>
<_5번1>1.0</_5번1>
<_6번1>5.0</_6번1>
<_7번1>5.0</_7번1>
<_7번2>5.0</_7번2>
<_7번3>5.0</_7번3>
<_7번4>3.0</_7번4>
<_7번5>1.0</_7번5>
<_7번6>1.0</_7번6>
<_7번7>7.0</_7번7>
<_7번8>1.0</_7번8>
<_7번9>3.0</_7번9>
<_7번10>7.0</_7번10>
<_8번1>5.0</_8번1>
<_8번2>5.0</_8번2>
<_8번3>5.0</_8번3>
<_8번의4>1.0</_8번의4>
<_8번5>1.0</_8번5>
<_8번6>1.0</_8번6>
<자유의견>1.0</자유의견>
<성별>4.0</성별>
<연령>5.0</연령>
<학력>1.0</학력>
<학력기타>4.0</학력기타>
<직업/>
<직업기타/>
<경력/>
</Row>
<Row>
<ID>25.0</ID>
<_1번1>5.0</_1번1>
<_1번2>7.0</_1번2>
<_1번3>3.0</_1번3>
<_2번1>7.0</_2번1>
<_2번2>5.0</_2번2>
<_2번3>3.0</_2번3>
<_3번1>5.0</_3번1>
<_3번2>3.0</_3번2>
<_3번3>4.0</_3번3>
<_3번4>4.0</_3번4>
<_3번5>4.0</_3번5>
<_3번6>4.0</_3번6>
<_4번1>5.0</_4번1>
<_4번2>3.0</_4번2>
<_4번3>3.0</_4번3>
<_5번1>3.0</_5번1>
<_6번1>5.0</_6번1>
<_7번1>5.0</_7번1>
<_7번2>5.0</_7번2>
<_7번3>5.0</_7번3>
<_7번4>3.0</_7번4>
<_7번5>5.0</_7번5>
<_7번6>5.0</_7번6>
<_7번7>3.0</_7번7>
<_7번8>1.0</_7번8>
<_7번9>3.0</_7번9>
<_7번10>3.0</_7번10>
<_8번1>3.0</_8번1>
<_8번2>3.0</_8번2>
<_8번3>3.0</_8번3>
<_8번의4>5.0</_8번의4>
<_8번5>3.0</_8번5>
<_8번6>3.0</_8번6>
<자유의견>임용과정에 대한 정보 공개 의무화, 지원자의 이름만 무기명 또는 A, B, C 표기 후 다른 정보는 모두 공개하여 과정의 투명성, 공정성 제고</자유의견>
<성별>1.0</성별>
<연령>3.0</연령>
<학력>5.0</학력>
<학력기타>1.0</학력기타>
<직업>3.0</직업>
<직업기타/>
<경력/>
</Row>
<Row>
<ID>26.0</ID>
<_1번1>5.0</_1번1>
<_1번2>5.0</_1번2>
<_1번3>3.0</_1번3>
<_2번1>4.0</_2번1>
<_2번2>5.0</_2번2>
<_2번3>5.0</_2번3>
<_3번1>1.0</_3번1>
<_3번2>2.0</_3번2>
<_3번3>2.0</_3번3>
<_3번4>3.0</_3번4>
<_3번5>2.0</_3번5>
<_3번6>2.0</_3번6>
<_4번1>5.0</_4번1>
<_4번2>5.0</_4번2>
<_4번3>3.0</_4번3>
<_5번1>3.0</_5번1>
<_6번1>3.0</_6번1>
<_7번1>4.0</_7번1>
<_7번2>3.0</_7번2>
<_7번3>4.0</_7번3>
<_7번4>3.0</_7번4>
<_7번5>3.0</_7번5>
<_7번6>2.0</_7번6>
<_7번7>3.0</_7번7>
<_7번8>1.0</_7번8>
<_7번9>1.0</_7번9>
<_7번10>3.0</_7번10>
<_8번1>4.0</_8번1>
<_8번2>2.0</_8번2>
<_8번3>보수합리화, 직위지정 합리화</_8번3>
<_8번의4>1.0</_8번의4>
<_8번5>3.0</_8번5>
<_8번6>5.0</_8번6>
<자유의견>1.0</자유의견>
<성별>3.0</성별>
<연령/>
<학력/>
<학력기타/>
<직업/>
<직업기타/>
<경력/>
</Row>
<Row>
<ID>27.0</ID>
<_1번1>1.0</_1번1>
<_1번2>1.0</_1번2>
<_1번3>1.0</_1번3>
<_2번1>5.0</_2번1>
<_2번2>5.0</_2번2>
<_2번3>1.0</_2번3>
<_3번1>3.0</_3번1>
<_3번2>5.0</_3번2>
<_3번3>5.0</_3번3>
<_3번4>1.0</_3번4>
<_3번5>1.0</_3번5>
<_3번6>1.0</_3번6>
<_4번1>1.0</_4번1>
<_4번2>1.0</_4번2>
<_4번3>1.0</_4번3>
<_5번1>5.0</_5번1>
<_6번1>6.0</_6번1>
<_7번1>3.0</_7번1>
<_7번2>4.0</_7번2>
<_7번3>3.0</_7번3>
<_7번4>3.0</_7번4>
<_7번5>2.0</_7번5>
<_7번6>1.0</_7번6>
<_7번7>1.0</_7번7>
<_7번8>2.0</_7번8>
<_7번9>2.0</_7번9>
<_7번10>1.0</_7번10>
<_8번1>3.0</_8번1>
<_8번2>3.0</_8번2>
<_8번3>3.0</_8번3>
<_8번의4>1.0</_8번의4>
<_8번5>1.0</_8번5>
<_8번6>1.0</_8번6>
<자유의견>1.0</자유의견>
<성별>4.0</성별>
<연령>5.0</연령>
<학력>1.0</학력>
<학력기타>3.0</학력기타>
<직업/>
<직업기타/>
<경력/>
</Row>
<Row>
<ID>28.0</ID>
<_1번1>5.0</_1번1>
<_1번2>8.0</_1번2>
<_1번3>9.0</_1번3>
<_2번1>5.0</_2번1>
<_2번2>5.0</_2번2>
<_2번3>1.0</_2번3>
<_3번1>3.0</_3번1>
<_3번2>3.0</_3번2>
<_3번3>3.0</_3번3>
<_3번4>1.0</_3번4>
<_3번5>1.0</_3번5>
<_3번6>1.0</_3번6>
<_4번1>3.0</_4번1>
<_4번2>4.0</_4번2>
<_4번3>4.0</_4번3>
<_5번1>6.0</_5번1>
<_6번1>4.0</_6번1>
<_7번1>4.0</_7번1>
<_7번2>1.0</_7번2>
<_7번3>3.0</_7번3>
<_7번4>3.0</_7번4>
<_7번5>2.0</_7번5>
<_7번6>4.0</_7번6>
<_7번7>2.0</_7번7>
<_7번8>2.0</_7번8>
<_7번9>3.0</_7번9>
<_7번10>3.0</_7번10>
<_8번1>3.0</_8번1>
<_8번2>3.0</_8번2>
<_8번3>3.0</_8번3>
<_8번의4>1.0</_8번의4>
<_8번5>1.0</_8번5>
<_8번6>1.0</_8번6>
<자유의견>전문자격증소지자임용기회확대임기와연장기회확대외국어능통자임용기회확대</자유의견>
<성별>1.0</성별>
<연령>4.0</연령>
<학력>5.0</학력>
<학력기타>1.0</학력기타>
<직업>4.0</직업>
<직업기타/>
<경력/>
</Row>
<Row>
<ID>29.0</ID>
<_1번1>4.0</_1번1>
<_1번2>4.0</_1번2>
<_1번3>5.0</_1번3>
<_2번1>4.0</_2번1>
<_2번2>3.0</_2번2>
<_2번3>7.0</_2번3>
<_3번1>4.0</_3번1>
<_3번2>1.0</_3번2>
<_3번3>3.0</_3번3>
<_3번4>3.0</_3번4>
<_3번5>2.0</_3번5>
<_3번6>2.0</_3번6>
<_4번1>3.0</_4번1>
<_4번2>3.0</_4번2>
<_4번3>1.0</_4번3>
<_5번1>3.0</_5번1>
<_6번1>4.0</_6번1>
<_7번1>4.0</_7번1>
<_7번2>1.0</_7번2>
<_7번3>2.0</_7번3>
<_7번4>2.0</_7번4>
<_7번5>1.0</_7번5>
<_7번6>2.0</_7번6>
<_7번7>2.0</_7번7>
<_7번8>2.0</_7번8>
<_7번9>2.0</_7번9>
<_7번10>3.0</_7번10>
<_8번1>3.0</_8번1>
<_8번2>5.0</_8번2>
<_8번3>3.0</_8번3>
<_8번의4>5.0</_8번의4>
<_8번5>2.0</_8번5>
<_8번6>4.0</_8번6>
<자유의견>1.0</자유의견>
<성별>4.0</성별>
<연령>5.0</연령>
<학력>1.0</학력>
<학력기타>4.0</학력기타>
<직업/>
<직업기타/>
<경력/>
</Row>
<Row>
<ID>30.0</ID>
<_1번1>5.0</_1번1>
<_1번2>7.0</_1번2>
<_1번3>3.0</_1번3>
<_2번1>7.0</_2번1>
<_2번2>5.0</_2번2>
<_2번3>3.0</_2번3>
<_3번1>2.0</_3번1>
<_3번2>2.0</_3번2>
<_3번3>4.0</_3번3>
<_3번4>3.0</_3번4>
<_3번5>3.0</_3번5>
<_3번6>5.0</_3번6>
<_4번1>3.0</_4번1>
<_4번2>6.0</_4번2>
<_4번3>3.0</_4번3>
<_5번1>3.0</_5번1>
<_6번1>3.0</_6번1>
<_7번1>3.0</_7번1>
<_7번2>4.0</_7번2>
<_7번3>5.0</_7번3>
<_7번4>6.0</_7번4>
<_7번5>2.0</_7번5>
<_7번6>3.0</_7번6>
<_7번7>4.0</_7번7>
<_7번8>2.0</_7번8>
<_7번9>3.0</_7번9>
<_7번10>2.0</_7번10>
<_8번1>2.0</_8번1>
<_8번2>3.0</_8번2>
<_8번3>2.0</_8번3>
<_8번의4>4.0</_8번의4>
<_8번5>3.0</_8번5>
<_8번6>2.0</_8번6>
<자유의견>1.0</자유의견>
<성별>4.0</성별>
<연령>5.0</연령>
<학력>1.0</학력>
<학력기타>4.0</학력기타>
<직업/>
<직업기타/>
<경력/>
</Row>
<Row>
<ID>31.0</ID>
<_1번1>6.0</_1번1>
<_1번2>2.0</_1번2>
<_1번3>4.0</_1번3>
<_2번1>3.0</_2번1>
<_2번2>2.0</_2번2>
<_2번3>4.0</_2번3>
<_3번1>5.0</_3번1>
<_3번2>1.0</_3번2>
<_3번3>5.0</_3번3>
<_3번4>5.0</_3번4>
<_3번5>1.0</_3번5>
<_3번6>5.0</_3번6>
<_4번1>7.0</_4번1>
<_4번2>1.0</_4번2>
<_4번3>7.0</_4번3>
<_5번1>7.0</_5번1>
<_6번1>3.0</_6번1>
<_7번1>5.0</_7번1>
<_7번2>1.0</_7번2>
<_7번3>3.0</_7번3>
<_7번4>3.0</_7번4>
<_7번5>4.0</_7번5>
<_7번6>2.0</_7번6>
<_7번7>6.0</_7번7>
<_7번8>3.0</_7번8>
<_7번9>3.0</_7번9>
<_7번10>7.0</_7번10>
<_8번1>3.0</_8번1>
<_8번2>1.0</_8번2>
<_8번3>3.0</_8번3>
<_8번의4>3.0</_8번의4>
<_8번5>6.0</_8번5>
<_8번6>3.0</_8번6>
<자유의견>1.0</자유의견>
<성별>3.0</성별>
<연령>5.0</연령>
<학력>1.0</학력>
<학력기타>1.0</학력기타>
<직업/>
<직업기타/>
<경력/>
</Row>
</root>
